#usda 1.0
(
    customLayerData = {
        string aecoComplianceRole = "presentation"
        bool illustrative = 1
    }
)

def "demo_datacentre_01"
{
    def "demo_datacentre_01_Site"
    {
        def "demo_datacentre_01"
        {
            def "L00_Ground"
            {
                def "Corridor_Centre"
                {
                    def "Iris_Scanner_door_hall_a_e"
                    {
                        over "Geom"
                        {
                            color3f[] primvars:displayColor = [(0.08, 0.55, 0.34)] (
                                aecoDerived = true
                            )
                        }

                        def Xform "ComplianceEnvelope" (
                            customData = {
                                bool aecoCompliancePresentation = 1
                            }
                        )
                        {
                            uniform token[] xformOpOrder = ["!resetXformStack!"]

                            def Mesh "accessibility" (
                                prepend apiSchemas = ["AecoDerivedGeometryAPI"]
                                customData = {
                                    bool aecoCompliancePresentation = 1
                                }
                            )
                            {
                                uniform token aeco:derived:approx = "bbox" (
                                    aecoDerived = true
                                )
                                uniform token aeco:derived:role = "symbol" (
                                    aecoDerived = true
                                )
                                string aeco:derived:source = "9e666400-0d29-5bd8-83a4-03903c8153b2" (
                                    aecoDerived = true
                                )
                                string aeco:derived:stamp = "aeco-compliance illustrative height envelope" (
                                    aecoDerived = true
                                )
                                uniform bool doubleSided = 1 (
                                    aecoDerived = true
                                )
                                int[] faceVertexCounts = [4, 4, 4, 4, 4, 4, 4, 4, 4, 4, 4, 4, 4, 4, 4, 4, 4, 4, 4, 4, 4, 4, 4, 4, 4, 4, 4, 4, 4, 4, 4, 4, 4, 4, 4, 4, 4, 4, 4, 4, 4, 4, 4, 4, 4, 4, 4, 4, 4, 4, 4, 4, 4, 4, 4, 4, 4, 4, 4, 4, 4, 4, 4, 4, 4, 4, 4, 4, 4, 4, 4, 4] (
                                    aecoDerived = true
                                )
                                int[] faceVertexIndices = [0, 1, 3, 2, 4, 6, 7, 5, 0, 4, 5, 1, 2, 3, 7, 6, 0, 2, 6, 4, 1, 5, 7, 3, 8, 9, 11, 10, 12, 14, 15, 13, 8, 12, 13, 9, 10, 11, 15, 14, 8, 10, 14, 12, 9, 13, 15, 11, 16, 17, 19, 18, 20, 22, 23, 21, 16, 20, 21, 17, 18, 19, 23, 22, 16, 18, 22, 20, 17, 21, 23, 19, 24, 25, 27, 26, 28, 30, 31, 29, 24, 28, 29, 25, 26, 27, 31, 30, 24, 26, 30, 28, 25, 29, 31, 27, 32, 33, 35, 34, 36, 38, 39, 37, 32, 36, 37, 33, 34, 35, 39, 38, 32, 34, 38, 36, 33, 37, 39, 35, 40, 41, 43, 42, 44, 46, 47, 45, 40, 44, 45, 41, 42, 43, 47, 46, 40, 42, 46, 44, 41, 45, 47, 43, 48, 49, 51, 50, 52, 54, 55, 53, 48, 52, 53, 49, 50, 51, 55, 54, 48, 50, 54, 52, 49, 53, 55, 51, 56, 57, 59, 58, 60, 62, 63, 61, 56, 60, 61, 57, 58, 59, 63, 62, 56, 58, 62, 60, 57, 61, 63, 59, 64, 65, 67, 66, 68, 70, 71, 69, 64, 68, 69, 65, 66, 67, 71, 70, 64, 66, 70, 68, 65, 69, 71, 67, 72, 73, 75, 74, 76, 78, 79, 77, 72, 76, 77, 73, 74, 75, 79, 78, 72, 74, 78, 76, 73, 77, 79, 75, 80, 81, 83, 82, 84, 86, 87, 85, 80, 84, 85, 81, 82, 83, 87, 86, 80, 82, 86, 84, 81, 85, 87, 83, 88, 89, 91, 90, 92, 94, 95, 93, 88, 92, 93, 89, 90, 91, 95, 94, 88, 90, 94, 92, 89, 93, 95, 91] (
                                    aecoDerived = true
                                )
                                point3f[] points = [(33.6275, 27.7375, 0.8875), (33.6275, 27.7375, 0.9125), (33.6275, 27.7625, 0.8875), (33.6275, 27.7625, 0.9125), (34.6525, 27.7375, 0.8875), (34.6525, 27.7375, 0.9125), (34.6525, 27.7625, 0.8875), (34.6525, 27.7625, 0.9125), (34.6275, 27.7375, 0.8875), (34.6275, 27.7375, 0.9125), (34.6275, 28.7625, 0.8875), (34.6275, 28.7625, 0.9125), (34.6525, 27.7375, 0.8875), (34.6525, 27.7375, 0.9125), (34.6525, 28.7625, 0.8875), (34.6525, 28.7625, 0.9125), (33.6275, 28.7375, 0.8875), (33.6275, 28.7375, 0.9125), (33.6275, 28.7625, 0.8875), (33.6275, 28.7625, 0.9125), (34.6525, 28.7375, 0.8875), (34.6525, 28.7375, 0.9125), (34.6525, 28.7625, 0.8875), (34.6525, 28.7625, 0.9125), (33.6275, 27.7375, 0.8875), (33.6275, 27.7375, 0.9125), (33.6275, 28.7625, 0.8875), (33.6275, 28.7625, 0.9125), (33.6525, 27.7375, 0.8875), (33.6525, 27.7375, 0.9125), (33.6525, 28.7625, 0.8875), (33.6525, 28.7625, 0.9125), (33.6275, 27.7375, 1.1875), (33.6275, 27.7375, 1.2125), (33.6275, 27.7625, 1.1875), (33.6275, 27.7625, 1.2125), (34.6525, 27.7375, 1.1875), (34.6525, 27.7375, 1.2125), (34.6525, 27.7625, 1.1875), (34.6525, 27.7625, 1.2125), (34.6275, 27.7375, 1.1875), (34.6275, 27.7375, 1.2125), (34.6275, 28.7625, 1.1875), (34.6275, 28.7625, 1.2125), (34.6525, 27.7375, 1.1875), (34.6525, 27.7375, 1.2125), (34.6525, 28.7625, 1.1875), (34.6525, 28.7625, 1.2125), (33.6275, 28.7375, 1.1875), (33.6275, 28.7375, 1.2125), (33.6275, 28.7625, 1.1875), (33.6275, 28.7625, 1.2125), (34.6525, 28.7375, 1.1875), (34.6525, 28.7375, 1.2125), (34.6525, 28.7625, 1.1875), (34.6525, 28.7625, 1.2125), (33.6275, 27.7375, 1.1875), (33.6275, 27.7375, 1.2125), (33.6275, 28.7625, 1.1875), (33.6275, 28.7625, 1.2125), (33.6525, 27.7375, 1.1875), (33.6525, 27.7375, 1.2125), (33.6525, 28.7625, 1.1875), (33.6525, 28.7625, 1.2125), (33.6275, 27.7375, 0.8875), (33.6275, 27.7375, 1.2125), (33.6275, 27.7625, 0.8875), (33.6275, 27.7625, 1.2125), (33.6525, 27.7375, 0.8875), (33.6525, 27.7375, 1.2125), (33.6525, 27.7625, 0.8875), (33.6525, 27.7625, 1.2125), (34.6275, 27.7375, 0.8875), (34.6275, 27.7375, 1.2125), (34.6275, 27.7625, 0.8875), (34.6275, 27.7625, 1.2125), (34.6525, 27.7375, 0.8875), (34.6525, 27.7375, 1.2125), (34.6525, 27.7625, 0.8875), (34.6525, 27.7625, 1.2125), (34.6275, 28.7375, 0.8875), (34.6275, 28.7375, 1.2125), (34.6275, 28.7625, 0.8875), (34.6275, 28.7625, 1.2125), (34.6525, 28.7375, 0.8875), (34.6525, 28.7375, 1.2125), (34.6525, 28.7625, 0.8875), (34.6525, 28.7625, 1.2125), (33.6275, 28.7375, 0.8875), (33.6275, 28.7375, 1.2125), (33.6275, 28.7625, 0.8875), (33.6275, 28.7625, 1.2125), (33.6525, 28.7375, 0.8875), (33.6525, 28.7375, 1.2125), (33.6525, 28.7625, 0.8875), (33.6525, 28.7625, 1.2125)] (
                                    aecoDerived = true
                                )
                                color3f[] primvars:displayColor = [(0.17, 0.44, 0.76)] (
                                    aecoDerived = true
                                )
                                uniform token subdivisionScheme = "none" (
                                    aecoDerived = true
                                )
                            }

                            def Mesh "employer_security" (
                                prepend apiSchemas = ["AecoDerivedGeometryAPI"]
                                customData = {
                                    bool aecoCompliancePresentation = 1
                                }
                            )
                            {
                                uniform token aeco:derived:approx = "bbox" (
                                    aecoDerived = true
                                )
                                uniform token aeco:derived:role = "symbol" (
                                    aecoDerived = true
                                )
                                string aeco:derived:source = "9e666400-0d29-5bd8-83a4-03903c8153b2" (
                                    aecoDerived = true
                                )
                                string aeco:derived:stamp = "aeco-compliance illustrative height envelope" (
                                    aecoDerived = true
                                )
                                uniform bool doubleSided = 1 (
                                    aecoDerived = true
                                )
                                int[] faceVertexCounts = [4, 4, 4, 4, 4, 4, 4, 4, 4, 4, 4, 4, 4, 4, 4, 4, 4, 4, 4, 4, 4, 4, 4, 4, 4, 4, 4, 4, 4, 4, 4, 4, 4, 4, 4, 4, 4, 4, 4, 4, 4, 4, 4, 4, 4, 4, 4, 4, 4, 4, 4, 4, 4, 4, 4, 4, 4, 4, 4, 4, 4, 4, 4, 4, 4, 4, 4, 4, 4, 4, 4, 4] (
                                    aecoDerived = true
                                )
                                int[] faceVertexIndices = [0, 1, 3, 2, 4, 6, 7, 5, 0, 4, 5, 1, 2, 3, 7, 6, 0, 2, 6, 4, 1, 5, 7, 3, 8, 9, 11, 10, 12, 14, 15, 13, 8, 12, 13, 9, 10, 11, 15, 14, 8, 10, 14, 12, 9, 13, 15, 11, 16, 17, 19, 18, 20, 22, 23, 21, 16, 20, 21, 17, 18, 19, 23, 22, 16, 18, 22, 20, 17, 21, 23, 19, 24, 25, 27, 26, 28, 30, 31, 29, 24, 28, 29, 25, 26, 27, 31, 30, 24, 26, 30, 28, 25, 29, 31, 27, 32, 33, 35, 34, 36, 38, 39, 37, 32, 36, 37, 33, 34, 35, 39, 38, 32, 34, 38, 36, 33, 37, 39, 35, 40, 41, 43, 42, 44, 46, 47, 45, 40, 44, 45, 41, 42, 43, 47, 46, 40, 42, 46, 44, 41, 45, 47, 43, 48, 49, 51, 50, 52, 54, 55, 53, 48, 52, 53, 49, 50, 51, 55, 54, 48, 50, 54, 52, 49, 53, 55, 51, 56, 57, 59, 58, 60, 62, 63, 61, 56, 60, 61, 57, 58, 59, 63, 62, 56, 58, 62, 60, 57, 61, 63, 59, 64, 65, 67, 66, 68, 70, 71, 69, 64, 68, 69, 65, 66, 67, 71, 70, 64, 66, 70, 68, 65, 69, 71, 67, 72, 73, 75, 74, 76, 78, 79, 77, 72, 76, 77, 73, 74, 75, 79, 78, 72, 74, 78, 76, 73, 77, 79, 75, 80, 81, 83, 82, 84, 86, 87, 85, 80, 84, 85, 81, 82, 83, 87, 86, 80, 82, 86, 84, 81, 85, 87, 83, 88, 89, 91, 90, 92, 94, 95, 93, 88, 92, 93, 89, 90, 91, 95, 94, 88, 90, 94, 92, 89, 93, 95, 91] (
                                    aecoDerived = true
                                )
                                point3f[] points = [(33.7475, 27.8575, 1.0375), (33.7475, 27.8575, 1.0625), (33.7475, 27.8825, 1.0375), (33.7475, 27.8825, 1.0625), (34.5325, 27.8575, 1.0375), (34.5325, 27.8575, 1.0625), (34.5325, 27.8825, 1.0375), (34.5325, 27.8825, 1.0625), (34.5075, 27.8575, 1.0375), (34.5075, 27.8575, 1.0625), (34.5075, 28.6425, 1.0375), (34.5075, 28.6425, 1.0625), (34.5325, 27.8575, 1.0375), (34.5325, 27.8575, 1.0625), (34.5325, 28.6425, 1.0375), (34.5325, 28.6425, 1.0625), (33.7475, 28.6175, 1.0375), (33.7475, 28.6175, 1.0625), (33.7475, 28.6425, 1.0375), (33.7475, 28.6425, 1.0625), (34.5325, 28.6175, 1.0375), (34.5325, 28.6175, 1.0625), (34.5325, 28.6425, 1.0375), (34.5325, 28.6425, 1.0625), (33.7475, 27.8575, 1.0375), (33.7475, 27.8575, 1.0625), (33.7475, 28.6425, 1.0375), (33.7475, 28.6425, 1.0625), (33.7725, 27.8575, 1.0375), (33.7725, 27.8575, 1.0625), (33.7725, 28.6425, 1.0375), (33.7725, 28.6425, 1.0625), (33.7475, 27.8575, 1.1875), (33.7475, 27.8575, 1.2125), (33.7475, 27.8825, 1.1875), (33.7475, 27.8825, 1.2125), (34.5325, 27.8575, 1.1875), (34.5325, 27.8575, 1.2125), (34.5325, 27.8825, 1.1875), (34.5325, 27.8825, 1.2125), (34.5075, 27.8575, 1.1875), (34.5075, 27.8575, 1.2125), (34.5075, 28.6425, 1.1875), (34.5075, 28.6425, 1.2125), (34.5325, 27.8575, 1.1875), (34.5325, 27.8575, 1.2125), (34.5325, 28.6425, 1.1875), (34.5325, 28.6425, 1.2125), (33.7475, 28.6175, 1.1875), (33.7475, 28.6175, 1.2125), (33.7475, 28.6425, 1.1875), (33.7475, 28.6425, 1.2125), (34.5325, 28.6175, 1.1875), (34.5325, 28.6175, 1.2125), (34.5325, 28.6425, 1.1875), (34.5325, 28.6425, 1.2125), (33.7475, 27.8575, 1.1875), (33.7475, 27.8575, 1.2125), (33.7475, 28.6425, 1.1875), (33.7475, 28.6425, 1.2125), (33.7725, 27.8575, 1.1875), (33.7725, 27.8575, 1.2125), (33.7725, 28.6425, 1.1875), (33.7725, 28.6425, 1.2125), (33.7475, 27.8575, 1.0375), (33.7475, 27.8575, 1.2125), (33.7475, 27.8825, 1.0375), (33.7475, 27.8825, 1.2125), (33.7725, 27.8575, 1.0375), (33.7725, 27.8575, 1.2125), (33.7725, 27.8825, 1.0375), (33.7725, 27.8825, 1.2125), (34.5075, 27.8575, 1.0375), (34.5075, 27.8575, 1.2125), (34.5075, 27.8825, 1.0375), (34.5075, 27.8825, 1.2125), (34.5325, 27.8575, 1.0375), (34.5325, 27.8575, 1.2125), (34.5325, 27.8825, 1.0375), (34.5325, 27.8825, 1.2125), (34.5075, 28.6175, 1.0375), (34.5075, 28.6175, 1.2125), (34.5075, 28.6425, 1.0375), (34.5075, 28.6425, 1.2125), (34.5325, 28.6175, 1.0375), (34.5325, 28.6175, 1.2125), (34.5325, 28.6425, 1.0375), (34.5325, 28.6425, 1.2125), (33.7475, 28.6175, 1.0375), (33.7475, 28.6175, 1.2125), (33.7475, 28.6425, 1.0375), (33.7475, 28.6425, 1.2125), (33.7725, 28.6175, 1.0375), (33.7725, 28.6175, 1.2125), (33.7725, 28.6425, 1.0375), (33.7725, 28.6425, 1.2125)] (
                                    aecoDerived = true
                                )
                                color3f[] primvars:displayColor = [(0.08, 0.55, 0.34)] (
                                    aecoDerived = true
                                )
                                uniform token subdivisionScheme = "none" (
                                    aecoDerived = true
                                )
                            }

                            def Mesh "reader_datasheet" (
                                prepend apiSchemas = ["AecoDerivedGeometryAPI"]
                                customData = {
                                    bool aecoCompliancePresentation = 1
                                }
                            )
                            {
                                uniform token aeco:derived:approx = "bbox" (
                                    aecoDerived = true
                                )
                                uniform token aeco:derived:role = "symbol" (
                                    aecoDerived = true
                                )
                                string aeco:derived:source = "9e666400-0d29-5bd8-83a4-03903c8153b2" (
                                    aecoDerived = true
                                )
                                string aeco:derived:stamp = "aeco-compliance illustrative height envelope" (
                                    aecoDerived = true
                                )
                                uniform bool doubleSided = 1 (
                                    aecoDerived = true
                                )
                                int[] faceVertexCounts = [4, 4, 4, 4, 4, 4, 4, 4, 4, 4, 4, 4, 4, 4, 4, 4, 4, 4, 4, 4, 4, 4, 4, 4, 4, 4, 4, 4, 4, 4, 4, 4, 4, 4, 4, 4, 4, 4, 4, 4, 4, 4, 4, 4, 4, 4, 4, 4, 4, 4, 4, 4, 4, 4, 4, 4, 4, 4, 4, 4, 4, 4, 4, 4, 4, 4, 4, 4, 4, 4, 4, 4] (
                                    aecoDerived = true
                                )
                                int[] faceVertexIndices = [0, 1, 3, 2, 4, 6, 7, 5, 0, 4, 5, 1, 2, 3, 7, 6, 0, 2, 6, 4, 1, 5, 7, 3, 8, 9, 11, 10, 12, 14, 15, 13, 8, 12, 13, 9, 10, 11, 15, 14, 8, 10, 14, 12, 9, 13, 15, 11, 16, 17, 19, 18, 20, 22, 23, 21, 16, 20, 21, 17, 18, 19, 23, 22, 16, 18, 22, 20, 17, 21, 23, 19, 24, 25, 27, 26, 28, 30, 31, 29, 24, 28, 29, 25, 26, 27, 31, 30, 24, 26, 30, 28, 25, 29, 31, 27, 32, 33, 35, 34, 36, 38, 39, 37, 32, 36, 37, 33, 34, 35, 39, 38, 32, 34, 38, 36, 33, 37, 39, 35, 40, 41, 43, 42, 44, 46, 47, 45, 40, 44, 45, 41, 42, 43, 47, 46, 40, 42, 46, 44, 41, 45, 47, 43, 48, 49, 51, 50, 52, 54, 55, 53, 48, 52, 53, 49, 50, 51, 55, 54, 48, 50, 54, 52, 49, 53, 55, 51, 56, 57, 59, 58, 60, 62, 63, 61, 56, 60, 61, 57, 58, 59, 63, 62, 56, 58, 62, 60, 57, 61, 63, 59, 64, 65, 67, 66, 68, 70, 71, 69, 64, 68, 69, 65, 66, 67, 71, 70, 64, 66, 70, 68, 65, 69, 71, 67, 72, 73, 75, 74, 76, 78, 79, 77, 72, 76, 77, 73, 74, 75, 79, 78, 72, 74, 78, 76, 73, 77, 79, 75, 80, 81, 83, 82, 84, 86, 87, 85, 80, 84, 85, 81, 82, 83, 87, 86, 80, 82, 86, 84, 81, 85, 87, 83, 88, 89, 91, 90, 92, 94, 95, 93, 88, 92, 93, 89, 90, 91, 95, 94, 88, 90, 94, 92, 89, 93, 95, 91] (
                                    aecoDerived = true
                                )
                                point3f[] points = [(33.8675, 27.9775, 0.9875), (33.8675, 27.9775, 1.0125), (33.8675, 28.0025, 0.9875), (33.8675, 28.0025, 1.0125), (34.4125, 27.9775, 0.9875), (34.4125, 27.9775, 1.0125), (34.4125, 28.0025, 0.9875), (34.4125, 28.0025, 1.0125), (34.3875, 27.9775, 0.9875), (34.3875, 27.9775, 1.0125), (34.3875, 28.5225, 0.9875), (34.3875, 28.5225, 1.0125), (34.4125, 27.9775, 0.9875), (34.4125, 27.9775, 1.0125), (34.4125, 28.5225, 0.9875), (34.4125, 28.5225, 1.0125), (33.8675, 28.4975, 0.9875), (33.8675, 28.4975, 1.0125), (33.8675, 28.5225, 0.9875), (33.8675, 28.5225, 1.0125), (34.4125, 28.4975, 0.9875), (34.4125, 28.4975, 1.0125), (34.4125, 28.5225, 0.9875), (34.4125, 28.5225, 1.0125), (33.8675, 27.9775, 0.9875), (33.8675, 27.9775, 1.0125), (33.8675, 28.5225, 0.9875), (33.8675, 28.5225, 1.0125), (33.8925, 27.9775, 0.9875), (33.8925, 27.9775, 1.0125), (33.8925, 28.5225, 0.9875), (33.8925, 28.5225, 1.0125), (33.8675, 27.9775, 1.6875), (33.8675, 27.9775, 1.7125), (33.8675, 28.0025, 1.6875), (33.8675, 28.0025, 1.7125), (34.4125, 27.9775, 1.6875), (34.4125, 27.9775, 1.7125), (34.4125, 28.0025, 1.6875), (34.4125, 28.0025, 1.7125), (34.3875, 27.9775, 1.6875), (34.3875, 27.9775, 1.7125), (34.3875, 28.5225, 1.6875), (34.3875, 28.5225, 1.7125), (34.4125, 27.9775, 1.6875), (34.4125, 27.9775, 1.7125), (34.4125, 28.5225, 1.6875), (34.4125, 28.5225, 1.7125), (33.8675, 28.4975, 1.6875), (33.8675, 28.4975, 1.7125), (33.8675, 28.5225, 1.6875), (33.8675, 28.5225, 1.7125), (34.4125, 28.4975, 1.6875), (34.4125, 28.4975, 1.7125), (34.4125, 28.5225, 1.6875), (34.4125, 28.5225, 1.7125), (33.8675, 27.9775, 1.6875), (33.8675, 27.9775, 1.7125), (33.8675, 28.5225, 1.6875), (33.8675, 28.5225, 1.7125), (33.8925, 27.9775, 1.6875), (33.8925, 27.9775, 1.7125), (33.8925, 28.5225, 1.6875), (33.8925, 28.5225, 1.7125), (33.8675, 27.9775, 0.9875), (33.8675, 27.9775, 1.7125), (33.8675, 28.0025, 0.9875), (33.8675, 28.0025, 1.7125), (33.8925, 27.9775, 0.9875), (33.8925, 27.9775, 1.7125), (33.8925, 28.0025, 0.9875), (33.8925, 28.0025, 1.7125), (34.3875, 27.9775, 0.9875), (34.3875, 27.9775, 1.7125), (34.3875, 28.0025, 0.9875), (34.3875, 28.0025, 1.7125), (34.4125, 27.9775, 0.9875), (34.4125, 27.9775, 1.7125), (34.4125, 28.0025, 0.9875), (34.4125, 28.0025, 1.7125), (34.3875, 28.4975, 0.9875), (34.3875, 28.4975, 1.7125), (34.3875, 28.5225, 0.9875), (34.3875, 28.5225, 1.7125), (34.4125, 28.4975, 0.9875), (34.4125, 28.4975, 1.7125), (34.4125, 28.5225, 0.9875), (34.4125, 28.5225, 1.7125), (33.8675, 28.4975, 0.9875), (33.8675, 28.4975, 1.7125), (33.8675, 28.5225, 0.9875), (33.8675, 28.5225, 1.7125), (33.8925, 28.4975, 0.9875), (33.8925, 28.4975, 1.7125), (33.8925, 28.5225, 0.9875), (33.8925, 28.5225, 1.7125)] (
                                    aecoDerived = true
                                )
                                color3f[] primvars:displayColor = [(0.84, 0.52, 0.1)] (
                                    aecoDerived = true
                                )
                                uniform token subdivisionScheme = "none" (
                                    aecoDerived = true
                                )
                            }

                            def Mesh "Status" (
                                prepend apiSchemas = ["AecoDerivedGeometryAPI"]
                                customData = {
                                    bool aecoCompliancePresentation = 1
                                }
                            )
                            {
                                uniform token aeco:derived:approx = "bbox" (
                                    aecoDerived = true
                                )
                                uniform token aeco:derived:role = "symbol" (
                                    aecoDerived = true
                                )
                                string aeco:derived:source = "9e666400-0d29-5bd8-83a4-03903c8153b2" (
                                    aecoDerived = true
                                )
                                string aeco:derived:stamp = "aeco-compliance illustrative height envelope" (
                                    aecoDerived = true
                                )
                                uniform bool doubleSided = 1 (
                                    aecoDerived = true
                                )
                                int[] faceVertexCounts = [4, 4, 4, 4, 4, 4, 4, 4, 4, 4, 4, 4, 4, 4, 4, 4, 4, 4] (
                                    aecoDerived = true
                                )
                                int[] faceVertexIndices = [0, 1, 3, 2, 4, 6, 7, 5, 0, 4, 5, 1, 2, 3, 7, 6, 0, 2, 6, 4, 1, 5, 7, 3, 8, 9, 11, 10, 12, 14, 15, 13, 8, 12, 13, 9, 10, 11, 15, 14, 8, 10, 14, 12, 9, 13, 15, 11, 16, 17, 19, 18, 20, 22, 23, 21, 16, 20, 21, 17, 18, 19, 23, 22, 16, 18, 22, 20, 17, 21, 23, 19] (
                                    aecoDerived = true
                                )
                                point3f[] points = [(33.915, 28.205, 1.155), (33.915, 28.205, 1.245), (33.915, 28.295, 1.155), (33.915, 28.295, 1.245), (34.365, 28.205, 1.155), (34.365, 28.205, 1.245), (34.365, 28.295, 1.155), (34.365, 28.295, 1.245), (34.095, 28.025, 1.155), (34.095, 28.025, 1.245), (34.095, 28.475, 1.155), (34.095, 28.475, 1.245), (34.185, 28.025, 1.155), (34.185, 28.025, 1.245), (34.185, 28.475, 1.155), (34.185, 28.475, 1.245), (34.095, 28.205, 0.975), (34.095, 28.205, 1.425), (34.095, 28.295, 0.975), (34.095, 28.295, 1.425), (34.185, 28.205, 0.975), (34.185, 28.205, 1.425), (34.185, 28.295, 0.975), (34.185, 28.295, 1.425)] (
                                    aecoDerived = true
                                )
                                color3f[] primvars:displayColor = [(0.08, 0.55, 0.34)] (
                                    aecoDerived = true
                                )
                                uniform token subdivisionScheme = "none" (
                                    aecoDerived = true
                                )
                            }
                        }
                    }

                    def "Iris_Scanner_door_hall_b_w"
                    {
                        over "Geom"
                        {
                            color3f[] primvars:displayColor = [(0.08, 0.55, 0.34)] (
                                aecoDerived = true
                            )
                        }

                        def Xform "ComplianceEnvelope" (
                            customData = {
                                bool aecoCompliancePresentation = 1
                            }
                        )
                        {
                            uniform token[] xformOpOrder = ["!resetXformStack!"]

                            def Mesh "accessibility" (
                                prepend apiSchemas = ["AecoDerivedGeometryAPI"]
                                customData = {
                                    bool aecoCompliancePresentation = 1
                                }
                            )
                            {
                                uniform token aeco:derived:approx = "bbox" (
                                    aecoDerived = true
                                )
                                uniform token aeco:derived:role = "symbol" (
                                    aecoDerived = true
                                )
                                string aeco:derived:source = "98bfb7a6-153e-58e8-92df-e77a80ac2726" (
                                    aecoDerived = true
                                )
                                string aeco:derived:stamp = "aeco-compliance illustrative height envelope" (
                                    aecoDerived = true
                                )
                                uniform bool doubleSided = 1 (
                                    aecoDerived = true
                                )
                                int[] faceVertexCounts = [4, 4, 4, 4, 4, 4, 4, 4, 4, 4, 4, 4, 4, 4, 4, 4, 4, 4, 4, 4, 4, 4, 4, 4, 4, 4, 4, 4, 4, 4, 4, 4, 4, 4, 4, 4, 4, 4, 4, 4, 4, 4, 4, 4, 4, 4, 4, 4, 4, 4, 4, 4, 4, 4, 4, 4, 4, 4, 4, 4, 4, 4, 4, 4, 4, 4, 4, 4, 4, 4, 4, 4] (
                                    aecoDerived = true
                                )
                                int[] faceVertexIndices = [0, 1, 3, 2, 4, 6, 7, 5, 0, 4, 5, 1, 2, 3, 7, 6, 0, 2, 6, 4, 1, 5, 7, 3, 8, 9, 11, 10, 12, 14, 15, 13, 8, 12, 13, 9, 10, 11, 15, 14, 8, 10, 14, 12, 9, 13, 15, 11, 16, 17, 19, 18, 20, 22, 23, 21, 16, 20, 21, 17, 18, 19, 23, 22, 16, 18, 22, 20, 17, 21, 23, 19, 24, 25, 27, 26, 28, 30, 31, 29, 24, 28, 29, 25, 26, 27, 31, 30, 24, 26, 30, 28, 25, 29, 31, 27, 32, 33, 35, 34, 36, 38, 39, 37, 32, 36, 37, 33, 34, 35, 39, 38, 32, 34, 38, 36, 33, 37, 39, 35, 40, 41, 43, 42, 44, 46, 47, 45, 40, 44, 45, 41, 42, 43, 47, 46, 40, 42, 46, 44, 41, 45, 47, 43, 48, 49, 51, 50, 52, 54, 55, 53, 48, 52, 53, 49, 50, 51, 55, 54, 48, 50, 54, 52, 49, 53, 55, 51, 56, 57, 59, 58, 60, 62, 63, 61, 56, 60, 61, 57, 58, 59, 63, 62, 56, 58, 62, 60, 57, 61, 63, 59, 64, 65, 67, 66, 68, 70, 71, 69, 64, 68, 69, 65, 66, 67, 71, 70, 64, 66, 70, 68, 65, 69, 71, 67, 72, 73, 75, 74, 76, 78, 79, 77, 72, 76, 77, 73, 74, 75, 79, 78, 72, 74, 78, 76, 73, 77, 79, 75, 80, 81, 83, 82, 84, 86, 87, 85, 80, 84, 85, 81, 82, 83, 87, 86, 80, 82, 86, 84, 81, 85, 87, 83, 88, 89, 91, 90, 92, 94, 95, 93, 88, 92, 93, 89, 90, 91, 95, 94, 88, 90, 94, 92, 89, 93, 95, 91] (
                                    aecoDerived = true
                                )
                                point3f[] points = [(37.3475, 27.7375, 0.8875), (37.3475, 27.7375, 0.9125), (37.3475, 27.7625, 0.8875), (37.3475, 27.7625, 0.9125), (38.3725, 27.7375, 0.8875), (38.3725, 27.7375, 0.9125), (38.3725, 27.7625, 0.8875), (38.3725, 27.7625, 0.9125), (38.3475, 27.7375, 0.8875), (38.3475, 27.7375, 0.9125), (38.3475, 28.7625, 0.8875), (38.3475, 28.7625, 0.9125), (38.3725, 27.7375, 0.8875), (38.3725, 27.7375, 0.9125), (38.3725, 28.7625, 0.8875), (38.3725, 28.7625, 0.9125), (37.3475, 28.7375, 0.8875), (37.3475, 28.7375, 0.9125), (37.3475, 28.7625, 0.8875), (37.3475, 28.7625, 0.9125), (38.3725, 28.7375, 0.8875), (38.3725, 28.7375, 0.9125), (38.3725, 28.7625, 0.8875), (38.3725, 28.7625, 0.9125), (37.3475, 27.7375, 0.8875), (37.3475, 27.7375, 0.9125), (37.3475, 28.7625, 0.8875), (37.3475, 28.7625, 0.9125), (37.3725, 27.7375, 0.8875), (37.3725, 27.7375, 0.9125), (37.3725, 28.7625, 0.8875), (37.3725, 28.7625, 0.9125), (37.3475, 27.7375, 1.1875), (37.3475, 27.7375, 1.2125), (37.3475, 27.7625, 1.1875), (37.3475, 27.7625, 1.2125), (38.3725, 27.7375, 1.1875), (38.3725, 27.7375, 1.2125), (38.3725, 27.7625, 1.1875), (38.3725, 27.7625, 1.2125), (38.3475, 27.7375, 1.1875), (38.3475, 27.7375, 1.2125), (38.3475, 28.7625, 1.1875), (38.3475, 28.7625, 1.2125), (38.3725, 27.7375, 1.1875), (38.3725, 27.7375, 1.2125), (38.3725, 28.7625, 1.1875), (38.3725, 28.7625, 1.2125), (37.3475, 28.7375, 1.1875), (37.3475, 28.7375, 1.2125), (37.3475, 28.7625, 1.1875), (37.3475, 28.7625, 1.2125), (38.3725, 28.7375, 1.1875), (38.3725, 28.7375, 1.2125), (38.3725, 28.7625, 1.1875), (38.3725, 28.7625, 1.2125), (37.3475, 27.7375, 1.1875), (37.3475, 27.7375, 1.2125), (37.3475, 28.7625, 1.1875), (37.3475, 28.7625, 1.2125), (37.3725, 27.7375, 1.1875), (37.3725, 27.7375, 1.2125), (37.3725, 28.7625, 1.1875), (37.3725, 28.7625, 1.2125), (37.3475, 27.7375, 0.8875), (37.3475, 27.7375, 1.2125), (37.3475, 27.7625, 0.8875), (37.3475, 27.7625, 1.2125), (37.3725, 27.7375, 0.8875), (37.3725, 27.7375, 1.2125), (37.3725, 27.7625, 0.8875), (37.3725, 27.7625, 1.2125), (38.3475, 27.7375, 0.8875), (38.3475, 27.7375, 1.2125), (38.3475, 27.7625, 0.8875), (38.3475, 27.7625, 1.2125), (38.3725, 27.7375, 0.8875), (38.3725, 27.7375, 1.2125), (38.3725, 27.7625, 0.8875), (38.3725, 27.7625, 1.2125), (38.3475, 28.7375, 0.8875), (38.3475, 28.7375, 1.2125), (38.3475, 28.7625, 0.8875), (38.3475, 28.7625, 1.2125), (38.3725, 28.7375, 0.8875), (38.3725, 28.7375, 1.2125), (38.3725, 28.7625, 0.8875), (38.3725, 28.7625, 1.2125), (37.3475, 28.7375, 0.8875), (37.3475, 28.7375, 1.2125), (37.3475, 28.7625, 0.8875), (37.3475, 28.7625, 1.2125), (37.3725, 28.7375, 0.8875), (37.3725, 28.7375, 1.2125), (37.3725, 28.7625, 0.8875), (37.3725, 28.7625, 1.2125)] (
                                    aecoDerived = true
                                )
                                color3f[] primvars:displayColor = [(0.17, 0.44, 0.76)] (
                                    aecoDerived = true
                                )
                                uniform token subdivisionScheme = "none" (
                                    aecoDerived = true
                                )
                            }

                            def Mesh "employer_security" (
                                prepend apiSchemas = ["AecoDerivedGeometryAPI"]
                                customData = {
                                    bool aecoCompliancePresentation = 1
                                }
                            )
                            {
                                uniform token aeco:derived:approx = "bbox" (
                                    aecoDerived = true
                                )
                                uniform token aeco:derived:role = "symbol" (
                                    aecoDerived = true
                                )
                                string aeco:derived:source = "98bfb7a6-153e-58e8-92df-e77a80ac2726" (
                                    aecoDerived = true
                                )
                                string aeco:derived:stamp = "aeco-compliance illustrative height envelope" (
                                    aecoDerived = true
                                )
                                uniform bool doubleSided = 1 (
                                    aecoDerived = true
                                )
                                int[] faceVertexCounts = [4, 4, 4, 4, 4, 4, 4, 4, 4, 4, 4, 4, 4, 4, 4, 4, 4, 4, 4, 4, 4, 4, 4, 4, 4, 4, 4, 4, 4, 4, 4, 4, 4, 4, 4, 4, 4, 4, 4, 4, 4, 4, 4, 4, 4, 4, 4, 4, 4, 4, 4, 4, 4, 4, 4, 4, 4, 4, 4, 4, 4, 4, 4, 4, 4, 4, 4, 4, 4, 4, 4, 4] (
                                    aecoDerived = true
                                )
                                int[] faceVertexIndices = [0, 1, 3, 2, 4, 6, 7, 5, 0, 4, 5, 1, 2, 3, 7, 6, 0, 2, 6, 4, 1, 5, 7, 3, 8, 9, 11, 10, 12, 14, 15, 13, 8, 12, 13, 9, 10, 11, 15, 14, 8, 10, 14, 12, 9, 13, 15, 11, 16, 17, 19, 18, 20, 22, 23, 21, 16, 20, 21, 17, 18, 19, 23, 22, 16, 18, 22, 20, 17, 21, 23, 19, 24, 25, 27, 26, 28, 30, 31, 29, 24, 28, 29, 25, 26, 27, 31, 30, 24, 26, 30, 28, 25, 29, 31, 27, 32, 33, 35, 34, 36, 38, 39, 37, 32, 36, 37, 33, 34, 35, 39, 38, 32, 34, 38, 36, 33, 37, 39, 35, 40, 41, 43, 42, 44, 46, 47, 45, 40, 44, 45, 41, 42, 43, 47, 46, 40, 42, 46, 44, 41, 45, 47, 43, 48, 49, 51, 50, 52, 54, 55, 53, 48, 52, 53, 49, 50, 51, 55, 54, 48, 50, 54, 52, 49, 53, 55, 51, 56, 57, 59, 58, 60, 62, 63, 61, 56, 60, 61, 57, 58, 59, 63, 62, 56, 58, 62, 60, 57, 61, 63, 59, 64, 65, 67, 66, 68, 70, 71, 69, 64, 68, 69, 65, 66, 67, 71, 70, 64, 66, 70, 68, 65, 69, 71, 67, 72, 73, 75, 74, 76, 78, 79, 77, 72, 76, 77, 73, 74, 75, 79, 78, 72, 74, 78, 76, 73, 77, 79, 75, 80, 81, 83, 82, 84, 86, 87, 85, 80, 84, 85, 81, 82, 83, 87, 86, 80, 82, 86, 84, 81, 85, 87, 83, 88, 89, 91, 90, 92, 94, 95, 93, 88, 92, 93, 89, 90, 91, 95, 94, 88, 90, 94, 92, 89, 93, 95, 91] (
                                    aecoDerived = true
                                )
                                point3f[] points = [(37.4675, 27.8575, 1.0375), (37.4675, 27.8575, 1.0625), (37.4675, 27.8825, 1.0375), (37.4675, 27.8825, 1.0625), (38.2525, 27.8575, 1.0375), (38.2525, 27.8575, 1.0625), (38.2525, 27.8825, 1.0375), (38.2525, 27.8825, 1.0625), (38.2275, 27.8575, 1.0375), (38.2275, 27.8575, 1.0625), (38.2275, 28.6425, 1.0375), (38.2275, 28.6425, 1.0625), (38.2525, 27.8575, 1.0375), (38.2525, 27.8575, 1.0625), (38.2525, 28.6425, 1.0375), (38.2525, 28.6425, 1.0625), (37.4675, 28.6175, 1.0375), (37.4675, 28.6175, 1.0625), (37.4675, 28.6425, 1.0375), (37.4675, 28.6425, 1.0625), (38.2525, 28.6175, 1.0375), (38.2525, 28.6175, 1.0625), (38.2525, 28.6425, 1.0375), (38.2525, 28.6425, 1.0625), (37.4675, 27.8575, 1.0375), (37.4675, 27.8575, 1.0625), (37.4675, 28.6425, 1.0375), (37.4675, 28.6425, 1.0625), (37.4925, 27.8575, 1.0375), (37.4925, 27.8575, 1.0625), (37.4925, 28.6425, 1.0375), (37.4925, 28.6425, 1.0625), (37.4675, 27.8575, 1.1875), (37.4675, 27.8575, 1.2125), (37.4675, 27.8825, 1.1875), (37.4675, 27.8825, 1.2125), (38.2525, 27.8575, 1.1875), (38.2525, 27.8575, 1.2125), (38.2525, 27.8825, 1.1875), (38.2525, 27.8825, 1.2125), (38.2275, 27.8575, 1.1875), (38.2275, 27.8575, 1.2125), (38.2275, 28.6425, 1.1875), (38.2275, 28.6425, 1.2125), (38.2525, 27.8575, 1.1875), (38.2525, 27.8575, 1.2125), (38.2525, 28.6425, 1.1875), (38.2525, 28.6425, 1.2125), (37.4675, 28.6175, 1.1875), (37.4675, 28.6175, 1.2125), (37.4675, 28.6425, 1.1875), (37.4675, 28.6425, 1.2125), (38.2525, 28.6175, 1.1875), (38.2525, 28.6175, 1.2125), (38.2525, 28.6425, 1.1875), (38.2525, 28.6425, 1.2125), (37.4675, 27.8575, 1.1875), (37.4675, 27.8575, 1.2125), (37.4675, 28.6425, 1.1875), (37.4675, 28.6425, 1.2125), (37.4925, 27.8575, 1.1875), (37.4925, 27.8575, 1.2125), (37.4925, 28.6425, 1.1875), (37.4925, 28.6425, 1.2125), (37.4675, 27.8575, 1.0375), (37.4675, 27.8575, 1.2125), (37.4675, 27.8825, 1.0375), (37.4675, 27.8825, 1.2125), (37.4925, 27.8575, 1.0375), (37.4925, 27.8575, 1.2125), (37.4925, 27.8825, 1.0375), (37.4925, 27.8825, 1.2125), (38.2275, 27.8575, 1.0375), (38.2275, 27.8575, 1.2125), (38.2275, 27.8825, 1.0375), (38.2275, 27.8825, 1.2125), (38.2525, 27.8575, 1.0375), (38.2525, 27.8575, 1.2125), (38.2525, 27.8825, 1.0375), (38.2525, 27.8825, 1.2125), (38.2275, 28.6175, 1.0375), (38.2275, 28.6175, 1.2125), (38.2275, 28.6425, 1.0375), (38.2275, 28.6425, 1.2125), (38.2525, 28.6175, 1.0375), (38.2525, 28.6175, 1.2125), (38.2525, 28.6425, 1.0375), (38.2525, 28.6425, 1.2125), (37.4675, 28.6175, 1.0375), (37.4675, 28.6175, 1.2125), (37.4675, 28.6425, 1.0375), (37.4675, 28.6425, 1.2125), (37.4925, 28.6175, 1.0375), (37.4925, 28.6175, 1.2125), (37.4925, 28.6425, 1.0375), (37.4925, 28.6425, 1.2125)] (
                                    aecoDerived = true
                                )
                                color3f[] primvars:displayColor = [(0.08, 0.55, 0.34)] (
                                    aecoDerived = true
                                )
                                uniform token subdivisionScheme = "none" (
                                    aecoDerived = true
                                )
                            }

                            def Mesh "reader_datasheet" (
                                prepend apiSchemas = ["AecoDerivedGeometryAPI"]
                                customData = {
                                    bool aecoCompliancePresentation = 1
                                }
                            )
                            {
                                uniform token aeco:derived:approx = "bbox" (
                                    aecoDerived = true
                                )
                                uniform token aeco:derived:role = "symbol" (
                                    aecoDerived = true
                                )
                                string aeco:derived:source = "98bfb7a6-153e-58e8-92df-e77a80ac2726" (
                                    aecoDerived = true
                                )
                                string aeco:derived:stamp = "aeco-compliance illustrative height envelope" (
                                    aecoDerived = true
                                )
                                uniform bool doubleSided = 1 (
                                    aecoDerived = true
                                )
                                int[] faceVertexCounts = [4, 4, 4, 4, 4, 4, 4, 4, 4, 4, 4, 4, 4, 4, 4, 4, 4, 4, 4, 4, 4, 4, 4, 4, 4, 4, 4, 4, 4, 4, 4, 4, 4, 4, 4, 4, 4, 4, 4, 4, 4, 4, 4, 4, 4, 4, 4, 4, 4, 4, 4, 4, 4, 4, 4, 4, 4, 4, 4, 4, 4, 4, 4, 4, 4, 4, 4, 4, 4, 4, 4, 4] (
                                    aecoDerived = true
                                )
                                int[] faceVertexIndices = [0, 1, 3, 2, 4, 6, 7, 5, 0, 4, 5, 1, 2, 3, 7, 6, 0, 2, 6, 4, 1, 5, 7, 3, 8, 9, 11, 10, 12, 14, 15, 13, 8, 12, 13, 9, 10, 11, 15, 14, 8, 10, 14, 12, 9, 13, 15, 11, 16, 17, 19, 18, 20, 22, 23, 21, 16, 20, 21, 17, 18, 19, 23, 22, 16, 18, 22, 20, 17, 21, 23, 19, 24, 25, 27, 26, 28, 30, 31, 29, 24, 28, 29, 25, 26, 27, 31, 30, 24, 26, 30, 28, 25, 29, 31, 27, 32, 33, 35, 34, 36, 38, 39, 37, 32, 36, 37, 33, 34, 35, 39, 38, 32, 34, 38, 36, 33, 37, 39, 35, 40, 41, 43, 42, 44, 46, 47, 45, 40, 44, 45, 41, 42, 43, 47, 46, 40, 42, 46, 44, 41, 45, 47, 43, 48, 49, 51, 50, 52, 54, 55, 53, 48, 52, 53, 49, 50, 51, 55, 54, 48, 50, 54, 52, 49, 53, 55, 51, 56, 57, 59, 58, 60, 62, 63, 61, 56, 60, 61, 57, 58, 59, 63, 62, 56, 58, 62, 60, 57, 61, 63, 59, 64, 65, 67, 66, 68, 70, 71, 69, 64, 68, 69, 65, 66, 67, 71, 70, 64, 66, 70, 68, 65, 69, 71, 67, 72, 73, 75, 74, 76, 78, 79, 77, 72, 76, 77, 73, 74, 75, 79, 78, 72, 74, 78, 76, 73, 77, 79, 75, 80, 81, 83, 82, 84, 86, 87, 85, 80, 84, 85, 81, 82, 83, 87, 86, 80, 82, 86, 84, 81, 85, 87, 83, 88, 89, 91, 90, 92, 94, 95, 93, 88, 92, 93, 89, 90, 91, 95, 94, 88, 90, 94, 92, 89, 93, 95, 91] (
                                    aecoDerived = true
                                )
                                point3f[] points = [(37.5875, 27.9775, 0.9875), (37.5875, 27.9775, 1.0125), (37.5875, 28.0025, 0.9875), (37.5875, 28.0025, 1.0125), (38.1325, 27.9775, 0.9875), (38.1325, 27.9775, 1.0125), (38.1325, 28.0025, 0.9875), (38.1325, 28.0025, 1.0125), (38.1075, 27.9775, 0.9875), (38.1075, 27.9775, 1.0125), (38.1075, 28.5225, 0.9875), (38.1075, 28.5225, 1.0125), (38.1325, 27.9775, 0.9875), (38.1325, 27.9775, 1.0125), (38.1325, 28.5225, 0.9875), (38.1325, 28.5225, 1.0125), (37.5875, 28.4975, 0.9875), (37.5875, 28.4975, 1.0125), (37.5875, 28.5225, 0.9875), (37.5875, 28.5225, 1.0125), (38.1325, 28.4975, 0.9875), (38.1325, 28.4975, 1.0125), (38.1325, 28.5225, 0.9875), (38.1325, 28.5225, 1.0125), (37.5875, 27.9775, 0.9875), (37.5875, 27.9775, 1.0125), (37.5875, 28.5225, 0.9875), (37.5875, 28.5225, 1.0125), (37.6125, 27.9775, 0.9875), (37.6125, 27.9775, 1.0125), (37.6125, 28.5225, 0.9875), (37.6125, 28.5225, 1.0125), (37.5875, 27.9775, 1.6875), (37.5875, 27.9775, 1.7125), (37.5875, 28.0025, 1.6875), (37.5875, 28.0025, 1.7125), (38.1325, 27.9775, 1.6875), (38.1325, 27.9775, 1.7125), (38.1325, 28.0025, 1.6875), (38.1325, 28.0025, 1.7125), (38.1075, 27.9775, 1.6875), (38.1075, 27.9775, 1.7125), (38.1075, 28.5225, 1.6875), (38.1075, 28.5225, 1.7125), (38.1325, 27.9775, 1.6875), (38.1325, 27.9775, 1.7125), (38.1325, 28.5225, 1.6875), (38.1325, 28.5225, 1.7125), (37.5875, 28.4975, 1.6875), (37.5875, 28.4975, 1.7125), (37.5875, 28.5225, 1.6875), (37.5875, 28.5225, 1.7125), (38.1325, 28.4975, 1.6875), (38.1325, 28.4975, 1.7125), (38.1325, 28.5225, 1.6875), (38.1325, 28.5225, 1.7125), (37.5875, 27.9775, 1.6875), (37.5875, 27.9775, 1.7125), (37.5875, 28.5225, 1.6875), (37.5875, 28.5225, 1.7125), (37.6125, 27.9775, 1.6875), (37.6125, 27.9775, 1.7125), (37.6125, 28.5225, 1.6875), (37.6125, 28.5225, 1.7125), (37.5875, 27.9775, 0.9875), (37.5875, 27.9775, 1.7125), (37.5875, 28.0025, 0.9875), (37.5875, 28.0025, 1.7125), (37.6125, 27.9775, 0.9875), (37.6125, 27.9775, 1.7125), (37.6125, 28.0025, 0.9875), (37.6125, 28.0025, 1.7125), (38.1075, 27.9775, 0.9875), (38.1075, 27.9775, 1.7125), (38.1075, 28.0025, 0.9875), (38.1075, 28.0025, 1.7125), (38.1325, 27.9775, 0.9875), (38.1325, 27.9775, 1.7125), (38.1325, 28.0025, 0.9875), (38.1325, 28.0025, 1.7125), (38.1075, 28.4975, 0.9875), (38.1075, 28.4975, 1.7125), (38.1075, 28.5225, 0.9875), (38.1075, 28.5225, 1.7125), (38.1325, 28.4975, 0.9875), (38.1325, 28.4975, 1.7125), (38.1325, 28.5225, 0.9875), (38.1325, 28.5225, 1.7125), (37.5875, 28.4975, 0.9875), (37.5875, 28.4975, 1.7125), (37.5875, 28.5225, 0.9875), (37.5875, 28.5225, 1.7125), (37.6125, 28.4975, 0.9875), (37.6125, 28.4975, 1.7125), (37.6125, 28.5225, 0.9875), (37.6125, 28.5225, 1.7125)] (
                                    aecoDerived = true
                                )
                                color3f[] primvars:displayColor = [(0.84, 0.52, 0.1)] (
                                    aecoDerived = true
                                )
                                uniform token subdivisionScheme = "none" (
                                    aecoDerived = true
                                )
                            }

                            def Mesh "Status" (
                                prepend apiSchemas = ["AecoDerivedGeometryAPI"]
                                customData = {
                                    bool aecoCompliancePresentation = 1
                                }
                            )
                            {
                                uniform token aeco:derived:approx = "bbox" (
                                    aecoDerived = true
                                )
                                uniform token aeco:derived:role = "symbol" (
                                    aecoDerived = true
                                )
                                string aeco:derived:source = "98bfb7a6-153e-58e8-92df-e77a80ac2726" (
                                    aecoDerived = true
                                )
                                string aeco:derived:stamp = "aeco-compliance illustrative height envelope" (
                                    aecoDerived = true
                                )
                                uniform bool doubleSided = 1 (
                                    aecoDerived = true
                                )
                                int[] faceVertexCounts = [4, 4, 4, 4, 4, 4, 4, 4, 4, 4, 4, 4, 4, 4, 4, 4, 4, 4] (
                                    aecoDerived = true
                                )
                                int[] faceVertexIndices = [0, 1, 3, 2, 4, 6, 7, 5, 0, 4, 5, 1, 2, 3, 7, 6, 0, 2, 6, 4, 1, 5, 7, 3, 8, 9, 11, 10, 12, 14, 15, 13, 8, 12, 13, 9, 10, 11, 15, 14, 8, 10, 14, 12, 9, 13, 15, 11, 16, 17, 19, 18, 20, 22, 23, 21, 16, 20, 21, 17, 18, 19, 23, 22, 16, 18, 22, 20, 17, 21, 23, 19] (
                                    aecoDerived = true
                                )
                                point3f[] points = [(37.635, 28.205, 1.155), (37.635, 28.205, 1.245), (37.635, 28.295, 1.155), (37.635, 28.295, 1.245), (38.085, 28.205, 1.155), (38.085, 28.205, 1.245), (38.085, 28.295, 1.155), (38.085, 28.295, 1.245), (37.815, 28.025, 1.155), (37.815, 28.025, 1.245), (37.815, 28.475, 1.155), (37.815, 28.475, 1.245), (37.905, 28.025, 1.155), (37.905, 28.025, 1.245), (37.905, 28.475, 1.155), (37.905, 28.475, 1.245), (37.815, 28.205, 0.975), (37.815, 28.205, 1.425), (37.815, 28.295, 0.975), (37.815, 28.295, 1.425), (37.905, 28.205, 0.975), (37.905, 28.205, 1.425), (37.905, 28.295, 0.975), (37.905, 28.295, 1.425)] (
                                    aecoDerived = true
                                )
                                color3f[] primvars:displayColor = [(0.08, 0.55, 0.34)] (
                                    aecoDerived = true
                                )
                                uniform token subdivisionScheme = "none" (
                                    aecoDerived = true
                                )
                            }
                        }
                    }
                }

                def "Corridor_East"
                {
                    def "Iris_Scanner_door_hall_b_e"
                    {
                        over "Geom"
                        {
                            color3f[] primvars:displayColor = [(0.08, 0.55, 0.34)] (
                                aecoDerived = true
                            )
                        }

                        def Xform "ComplianceEnvelope" (
                            customData = {
                                bool aecoCompliancePresentation = 1
                            }
                        )
                        {
                            uniform token[] xformOpOrder = ["!resetXformStack!"]

                            def Mesh "accessibility" (
                                prepend apiSchemas = ["AecoDerivedGeometryAPI"]
                                customData = {
                                    bool aecoCompliancePresentation = 1
                                }
                            )
                            {
                                uniform token aeco:derived:approx = "bbox" (
                                    aecoDerived = true
                                )
                                uniform token aeco:derived:role = "symbol" (
                                    aecoDerived = true
                                )
                                string aeco:derived:source = "55f5a3c5-ef38-5ef8-b656-f1a6e89347b2" (
                                    aecoDerived = true
                                )
                                string aeco:derived:stamp = "aeco-compliance illustrative height envelope" (
                                    aecoDerived = true
                                )
                                uniform bool doubleSided = 1 (
                                    aecoDerived = true
                                )
                                int[] faceVertexCounts = [4, 4, 4, 4, 4, 4, 4, 4, 4, 4, 4, 4, 4, 4, 4, 4, 4, 4, 4, 4, 4, 4, 4, 4, 4, 4, 4, 4, 4, 4, 4, 4, 4, 4, 4, 4, 4, 4, 4, 4, 4, 4, 4, 4, 4, 4, 4, 4, 4, 4, 4, 4, 4, 4, 4, 4, 4, 4, 4, 4, 4, 4, 4, 4, 4, 4, 4, 4, 4, 4, 4, 4] (
                                    aecoDerived = true
                                )
                                int[] faceVertexIndices = [0, 1, 3, 2, 4, 6, 7, 5, 0, 4, 5, 1, 2, 3, 7, 6, 0, 2, 6, 4, 1, 5, 7, 3, 8, 9, 11, 10, 12, 14, 15, 13, 8, 12, 13, 9, 10, 11, 15, 14, 8, 10, 14, 12, 9, 13, 15, 11, 16, 17, 19, 18, 20, 22, 23, 21, 16, 20, 21, 17, 18, 19, 23, 22, 16, 18, 22, 20, 17, 21, 23, 19, 24, 25, 27, 26, 28, 30, 31, 29, 24, 28, 29, 25, 26, 27, 31, 30, 24, 26, 30, 28, 25, 29, 31, 27, 32, 33, 35, 34, 36, 38, 39, 37, 32, 36, 37, 33, 34, 35, 39, 38, 32, 34, 38, 36, 33, 37, 39, 35, 40, 41, 43, 42, 44, 46, 47, 45, 40, 44, 45, 41, 42, 43, 47, 46, 40, 42, 46, 44, 41, 45, 47, 43, 48, 49, 51, 50, 52, 54, 55, 53, 48, 52, 53, 49, 50, 51, 55, 54, 48, 50, 54, 52, 49, 53, 55, 51, 56, 57, 59, 58, 60, 62, 63, 61, 56, 60, 61, 57, 58, 59, 63, 62, 56, 58, 62, 60, 57, 61, 63, 59, 64, 65, 67, 66, 68, 70, 71, 69, 64, 68, 69, 65, 66, 67, 71, 70, 64, 66, 70, 68, 65, 69, 71, 67, 72, 73, 75, 74, 76, 78, 79, 77, 72, 76, 77, 73, 74, 75, 79, 78, 72, 74, 78, 76, 73, 77, 79, 75, 80, 81, 83, 82, 84, 86, 87, 85, 80, 84, 85, 81, 82, 83, 87, 86, 80, 82, 86, 84, 81, 85, 87, 83, 88, 89, 91, 90, 92, 94, 95, 93, 88, 92, 93, 89, 90, 91, 95, 94, 88, 90, 94, 92, 89, 93, 95, 91] (
                                    aecoDerived = true
                                )
                                point3f[] points = [(67.6275, 27.7375, 0.8875), (67.6275, 27.7375, 0.9125), (67.6275, 27.7625, 0.8875), (67.6275, 27.7625, 0.9125), (68.6525, 27.7375, 0.8875), (68.6525, 27.7375, 0.9125), (68.6525, 27.7625, 0.8875), (68.6525, 27.7625, 0.9125), (68.6275, 27.7375, 0.8875), (68.6275, 27.7375, 0.9125), (68.6275, 28.7625, 0.8875), (68.6275, 28.7625, 0.9125), (68.6525, 27.7375, 0.8875), (68.6525, 27.7375, 0.9125), (68.6525, 28.7625, 0.8875), (68.6525, 28.7625, 0.9125), (67.6275, 28.7375, 0.8875), (67.6275, 28.7375, 0.9125), (67.6275, 28.7625, 0.8875), (67.6275, 28.7625, 0.9125), (68.6525, 28.7375, 0.8875), (68.6525, 28.7375, 0.9125), (68.6525, 28.7625, 0.8875), (68.6525, 28.7625, 0.9125), (67.6275, 27.7375, 0.8875), (67.6275, 27.7375, 0.9125), (67.6275, 28.7625, 0.8875), (67.6275, 28.7625, 0.9125), (67.6525, 27.7375, 0.8875), (67.6525, 27.7375, 0.9125), (67.6525, 28.7625, 0.8875), (67.6525, 28.7625, 0.9125), (67.6275, 27.7375, 1.1875), (67.6275, 27.7375, 1.2125), (67.6275, 27.7625, 1.1875), (67.6275, 27.7625, 1.2125), (68.6525, 27.7375, 1.1875), (68.6525, 27.7375, 1.2125), (68.6525, 27.7625, 1.1875), (68.6525, 27.7625, 1.2125), (68.6275, 27.7375, 1.1875), (68.6275, 27.7375, 1.2125), (68.6275, 28.7625, 1.1875), (68.6275, 28.7625, 1.2125), (68.6525, 27.7375, 1.1875), (68.6525, 27.7375, 1.2125), (68.6525, 28.7625, 1.1875), (68.6525, 28.7625, 1.2125), (67.6275, 28.7375, 1.1875), (67.6275, 28.7375, 1.2125), (67.6275, 28.7625, 1.1875), (67.6275, 28.7625, 1.2125), (68.6525, 28.7375, 1.1875), (68.6525, 28.7375, 1.2125), (68.6525, 28.7625, 1.1875), (68.6525, 28.7625, 1.2125), (67.6275, 27.7375, 1.1875), (67.6275, 27.7375, 1.2125), (67.6275, 28.7625, 1.1875), (67.6275, 28.7625, 1.2125), (67.6525, 27.7375, 1.1875), (67.6525, 27.7375, 1.2125), (67.6525, 28.7625, 1.1875), (67.6525, 28.7625, 1.2125), (67.6275, 27.7375, 0.8875), (67.6275, 27.7375, 1.2125), (67.6275, 27.7625, 0.8875), (67.6275, 27.7625, 1.2125), (67.6525, 27.7375, 0.8875), (67.6525, 27.7375, 1.2125), (67.6525, 27.7625, 0.8875), (67.6525, 27.7625, 1.2125), (68.6275, 27.7375, 0.8875), (68.6275, 27.7375, 1.2125), (68.6275, 27.7625, 0.8875), (68.6275, 27.7625, 1.2125), (68.6525, 27.7375, 0.8875), (68.6525, 27.7375, 1.2125), (68.6525, 27.7625, 0.8875), (68.6525, 27.7625, 1.2125), (68.6275, 28.7375, 0.8875), (68.6275, 28.7375, 1.2125), (68.6275, 28.7625, 0.8875), (68.6275, 28.7625, 1.2125), (68.6525, 28.7375, 0.8875), (68.6525, 28.7375, 1.2125), (68.6525, 28.7625, 0.8875), (68.6525, 28.7625, 1.2125), (67.6275, 28.7375, 0.8875), (67.6275, 28.7375, 1.2125), (67.6275, 28.7625, 0.8875), (67.6275, 28.7625, 1.2125), (67.6525, 28.7375, 0.8875), (67.6525, 28.7375, 1.2125), (67.6525, 28.7625, 0.8875), (67.6525, 28.7625, 1.2125)] (
                                    aecoDerived = true
                                )
                                color3f[] primvars:displayColor = [(0.17, 0.44, 0.76)] (
                                    aecoDerived = true
                                )
                                uniform token subdivisionScheme = "none" (
                                    aecoDerived = true
                                )
                            }

                            def Mesh "employer_security" (
                                prepend apiSchemas = ["AecoDerivedGeometryAPI"]
                                customData = {
                                    bool aecoCompliancePresentation = 1
                                }
                            )
                            {
                                uniform token aeco:derived:approx = "bbox" (
                                    aecoDerived = true
                                )
                                uniform token aeco:derived:role = "symbol" (
                                    aecoDerived = true
                                )
                                string aeco:derived:source = "55f5a3c5-ef38-5ef8-b656-f1a6e89347b2" (
                                    aecoDerived = true
                                )
                                string aeco:derived:stamp = "aeco-compliance illustrative height envelope" (
                                    aecoDerived = true
                                )
                                uniform bool doubleSided = 1 (
                                    aecoDerived = true
                                )
                                int[] faceVertexCounts = [4, 4, 4, 4, 4, 4, 4, 4, 4, 4, 4, 4, 4, 4, 4, 4, 4, 4, 4, 4, 4, 4, 4, 4, 4, 4, 4, 4, 4, 4, 4, 4, 4, 4, 4, 4, 4, 4, 4, 4, 4, 4, 4, 4, 4, 4, 4, 4, 4, 4, 4, 4, 4, 4, 4, 4, 4, 4, 4, 4, 4, 4, 4, 4, 4, 4, 4, 4, 4, 4, 4, 4] (
                                    aecoDerived = true
                                )
                                int[] faceVertexIndices = [0, 1, 3, 2, 4, 6, 7, 5, 0, 4, 5, 1, 2, 3, 7, 6, 0, 2, 6, 4, 1, 5, 7, 3, 8, 9, 11, 10, 12, 14, 15, 13, 8, 12, 13, 9, 10, 11, 15, 14, 8, 10, 14, 12, 9, 13, 15, 11, 16, 17, 19, 18, 20, 22, 23, 21, 16, 20, 21, 17, 18, 19, 23, 22, 16, 18, 22, 20, 17, 21, 23, 19, 24, 25, 27, 26, 28, 30, 31, 29, 24, 28, 29, 25, 26, 27, 31, 30, 24, 26, 30, 28, 25, 29, 31, 27, 32, 33, 35, 34, 36, 38, 39, 37, 32, 36, 37, 33, 34, 35, 39, 38, 32, 34, 38, 36, 33, 37, 39, 35, 40, 41, 43, 42, 44, 46, 47, 45, 40, 44, 45, 41, 42, 43, 47, 46, 40, 42, 46, 44, 41, 45, 47, 43, 48, 49, 51, 50, 52, 54, 55, 53, 48, 52, 53, 49, 50, 51, 55, 54, 48, 50, 54, 52, 49, 53, 55, 51, 56, 57, 59, 58, 60, 62, 63, 61, 56, 60, 61, 57, 58, 59, 63, 62, 56, 58, 62, 60, 57, 61, 63, 59, 64, 65, 67, 66, 68, 70, 71, 69, 64, 68, 69, 65, 66, 67, 71, 70, 64, 66, 70, 68, 65, 69, 71, 67, 72, 73, 75, 74, 76, 78, 79, 77, 72, 76, 77, 73, 74, 75, 79, 78, 72, 74, 78, 76, 73, 77, 79, 75, 80, 81, 83, 82, 84, 86, 87, 85, 80, 84, 85, 81, 82, 83, 87, 86, 80, 82, 86, 84, 81, 85, 87, 83, 88, 89, 91, 90, 92, 94, 95, 93, 88, 92, 93, 89, 90, 91, 95, 94, 88, 90, 94, 92, 89, 93, 95, 91] (
                                    aecoDerived = true
                                )
                                point3f[] points = [(67.7475, 27.8575, 1.0375), (67.7475, 27.8575, 1.0625), (67.7475, 27.8825, 1.0375), (67.7475, 27.8825, 1.0625), (68.5325, 27.8575, 1.0375), (68.5325, 27.8575, 1.0625), (68.5325, 27.8825, 1.0375), (68.5325, 27.8825, 1.0625), (68.5075, 27.8575, 1.0375), (68.5075, 27.8575, 1.0625), (68.5075, 28.6425, 1.0375), (68.5075, 28.6425, 1.0625), (68.5325, 27.8575, 1.0375), (68.5325, 27.8575, 1.0625), (68.5325, 28.6425, 1.0375), (68.5325, 28.6425, 1.0625), (67.7475, 28.6175, 1.0375), (67.7475, 28.6175, 1.0625), (67.7475, 28.6425, 1.0375), (67.7475, 28.6425, 1.0625), (68.5325, 28.6175, 1.0375), (68.5325, 28.6175, 1.0625), (68.5325, 28.6425, 1.0375), (68.5325, 28.6425, 1.0625), (67.7475, 27.8575, 1.0375), (67.7475, 27.8575, 1.0625), (67.7475, 28.6425, 1.0375), (67.7475, 28.6425, 1.0625), (67.7725, 27.8575, 1.0375), (67.7725, 27.8575, 1.0625), (67.7725, 28.6425, 1.0375), (67.7725, 28.6425, 1.0625), (67.7475, 27.8575, 1.1875), (67.7475, 27.8575, 1.2125), (67.7475, 27.8825, 1.1875), (67.7475, 27.8825, 1.2125), (68.5325, 27.8575, 1.1875), (68.5325, 27.8575, 1.2125), (68.5325, 27.8825, 1.1875), (68.5325, 27.8825, 1.2125), (68.5075, 27.8575, 1.1875), (68.5075, 27.8575, 1.2125), (68.5075, 28.6425, 1.1875), (68.5075, 28.6425, 1.2125), (68.5325, 27.8575, 1.1875), (68.5325, 27.8575, 1.2125), (68.5325, 28.6425, 1.1875), (68.5325, 28.6425, 1.2125), (67.7475, 28.6175, 1.1875), (67.7475, 28.6175, 1.2125), (67.7475, 28.6425, 1.1875), (67.7475, 28.6425, 1.2125), (68.5325, 28.6175, 1.1875), (68.5325, 28.6175, 1.2125), (68.5325, 28.6425, 1.1875), (68.5325, 28.6425, 1.2125), (67.7475, 27.8575, 1.1875), (67.7475, 27.8575, 1.2125), (67.7475, 28.6425, 1.1875), (67.7475, 28.6425, 1.2125), (67.7725, 27.8575, 1.1875), (67.7725, 27.8575, 1.2125), (67.7725, 28.6425, 1.1875), (67.7725, 28.6425, 1.2125), (67.7475, 27.8575, 1.0375), (67.7475, 27.8575, 1.2125), (67.7475, 27.8825, 1.0375), (67.7475, 27.8825, 1.2125), (67.7725, 27.8575, 1.0375), (67.7725, 27.8575, 1.2125), (67.7725, 27.8825, 1.0375), (67.7725, 27.8825, 1.2125), (68.5075, 27.8575, 1.0375), (68.5075, 27.8575, 1.2125), (68.5075, 27.8825, 1.0375), (68.5075, 27.8825, 1.2125), (68.5325, 27.8575, 1.0375), (68.5325, 27.8575, 1.2125), (68.5325, 27.8825, 1.0375), (68.5325, 27.8825, 1.2125), (68.5075, 28.6175, 1.0375), (68.5075, 28.6175, 1.2125), (68.5075, 28.6425, 1.0375), (68.5075, 28.6425, 1.2125), (68.5325, 28.6175, 1.0375), (68.5325, 28.6175, 1.2125), (68.5325, 28.6425, 1.0375), (68.5325, 28.6425, 1.2125), (67.7475, 28.6175, 1.0375), (67.7475, 28.6175, 1.2125), (67.7475, 28.6425, 1.0375), (67.7475, 28.6425, 1.2125), (67.7725, 28.6175, 1.0375), (67.7725, 28.6175, 1.2125), (67.7725, 28.6425, 1.0375), (67.7725, 28.6425, 1.2125)] (
                                    aecoDerived = true
                                )
                                color3f[] primvars:displayColor = [(0.08, 0.55, 0.34)] (
                                    aecoDerived = true
                                )
                                uniform token subdivisionScheme = "none" (
                                    aecoDerived = true
                                )
                            }

                            def Mesh "reader_datasheet" (
                                prepend apiSchemas = ["AecoDerivedGeometryAPI"]
                                customData = {
                                    bool aecoCompliancePresentation = 1
                                }
                            )
                            {
                                uniform token aeco:derived:approx = "bbox" (
                                    aecoDerived = true
                                )
                                uniform token aeco:derived:role = "symbol" (
                                    aecoDerived = true
                                )
                                string aeco:derived:source = "55f5a3c5-ef38-5ef8-b656-f1a6e89347b2" (
                                    aecoDerived = true
                                )
                                string aeco:derived:stamp = "aeco-compliance illustrative height envelope" (
                                    aecoDerived = true
                                )
                                uniform bool doubleSided = 1 (
                                    aecoDerived = true
                                )
                                int[] faceVertexCounts = [4, 4, 4, 4, 4, 4, 4, 4, 4, 4, 4, 4, 4, 4, 4, 4, 4, 4, 4, 4, 4, 4, 4, 4, 4, 4, 4, 4, 4, 4, 4, 4, 4, 4, 4, 4, 4, 4, 4, 4, 4, 4, 4, 4, 4, 4, 4, 4, 4, 4, 4, 4, 4, 4, 4, 4, 4, 4, 4, 4, 4, 4, 4, 4, 4, 4, 4, 4, 4, 4, 4, 4] (
                                    aecoDerived = true
                                )
                                int[] faceVertexIndices = [0, 1, 3, 2, 4, 6, 7, 5, 0, 4, 5, 1, 2, 3, 7, 6, 0, 2, 6, 4, 1, 5, 7, 3, 8, 9, 11, 10, 12, 14, 15, 13, 8, 12, 13, 9, 10, 11, 15, 14, 8, 10, 14, 12, 9, 13, 15, 11, 16, 17, 19, 18, 20, 22, 23, 21, 16, 20, 21, 17, 18, 19, 23, 22, 16, 18, 22, 20, 17, 21, 23, 19, 24, 25, 27, 26, 28, 30, 31, 29, 24, 28, 29, 25, 26, 27, 31, 30, 24, 26, 30, 28, 25, 29, 31, 27, 32, 33, 35, 34, 36, 38, 39, 37, 32, 36, 37, 33, 34, 35, 39, 38, 32, 34, 38, 36, 33, 37, 39, 35, 40, 41, 43, 42, 44, 46, 47, 45, 40, 44, 45, 41, 42, 43, 47, 46, 40, 42, 46, 44, 41, 45, 47, 43, 48, 49, 51, 50, 52, 54, 55, 53, 48, 52, 53, 49, 50, 51, 55, 54, 48, 50, 54, 52, 49, 53, 55, 51, 56, 57, 59, 58, 60, 62, 63, 61, 56, 60, 61, 57, 58, 59, 63, 62, 56, 58, 62, 60, 57, 61, 63, 59, 64, 65, 67, 66, 68, 70, 71, 69, 64, 68, 69, 65, 66, 67, 71, 70, 64, 66, 70, 68, 65, 69, 71, 67, 72, 73, 75, 74, 76, 78, 79, 77, 72, 76, 77, 73, 74, 75, 79, 78, 72, 74, 78, 76, 73, 77, 79, 75, 80, 81, 83, 82, 84, 86, 87, 85, 80, 84, 85, 81, 82, 83, 87, 86, 80, 82, 86, 84, 81, 85, 87, 83, 88, 89, 91, 90, 92, 94, 95, 93, 88, 92, 93, 89, 90, 91, 95, 94, 88, 90, 94, 92, 89, 93, 95, 91] (
                                    aecoDerived = true
                                )
                                point3f[] points = [(67.8675, 27.9775, 0.9875), (67.8675, 27.9775, 1.0125), (67.8675, 28.0025, 0.9875), (67.8675, 28.0025, 1.0125), (68.4125, 27.9775, 0.9875), (68.4125, 27.9775, 1.0125), (68.4125, 28.0025, 0.9875), (68.4125, 28.0025, 1.0125), (68.3875, 27.9775, 0.9875), (68.3875, 27.9775, 1.0125), (68.3875, 28.5225, 0.9875), (68.3875, 28.5225, 1.0125), (68.4125, 27.9775, 0.9875), (68.4125, 27.9775, 1.0125), (68.4125, 28.5225, 0.9875), (68.4125, 28.5225, 1.0125), (67.8675, 28.4975, 0.9875), (67.8675, 28.4975, 1.0125), (67.8675, 28.5225, 0.9875), (67.8675, 28.5225, 1.0125), (68.4125, 28.4975, 0.9875), (68.4125, 28.4975, 1.0125), (68.4125, 28.5225, 0.9875), (68.4125, 28.5225, 1.0125), (67.8675, 27.9775, 0.9875), (67.8675, 27.9775, 1.0125), (67.8675, 28.5225, 0.9875), (67.8675, 28.5225, 1.0125), (67.8925, 27.9775, 0.9875), (67.8925, 27.9775, 1.0125), (67.8925, 28.5225, 0.9875), (67.8925, 28.5225, 1.0125), (67.8675, 27.9775, 1.6875), (67.8675, 27.9775, 1.7125), (67.8675, 28.0025, 1.6875), (67.8675, 28.0025, 1.7125), (68.4125, 27.9775, 1.6875), (68.4125, 27.9775, 1.7125), (68.4125, 28.0025, 1.6875), (68.4125, 28.0025, 1.7125), (68.3875, 27.9775, 1.6875), (68.3875, 27.9775, 1.7125), (68.3875, 28.5225, 1.6875), (68.3875, 28.5225, 1.7125), (68.4125, 27.9775, 1.6875), (68.4125, 27.9775, 1.7125), (68.4125, 28.5225, 1.6875), (68.4125, 28.5225, 1.7125), (67.8675, 28.4975, 1.6875), (67.8675, 28.4975, 1.7125), (67.8675, 28.5225, 1.6875), (67.8675, 28.5225, 1.7125), (68.4125, 28.4975, 1.6875), (68.4125, 28.4975, 1.7125), (68.4125, 28.5225, 1.6875), (68.4125, 28.5225, 1.7125), (67.8675, 27.9775, 1.6875), (67.8675, 27.9775, 1.7125), (67.8675, 28.5225, 1.6875), (67.8675, 28.5225, 1.7125), (67.8925, 27.9775, 1.6875), (67.8925, 27.9775, 1.7125), (67.8925, 28.5225, 1.6875), (67.8925, 28.5225, 1.7125), (67.8675, 27.9775, 0.9875), (67.8675, 27.9775, 1.7125), (67.8675, 28.0025, 0.9875), (67.8675, 28.0025, 1.7125), (67.8925, 27.9775, 0.9875), (67.8925, 27.9775, 1.7125), (67.8925, 28.0025, 0.9875), (67.8925, 28.0025, 1.7125), (68.3875, 27.9775, 0.9875), (68.3875, 27.9775, 1.7125), (68.3875, 28.0025, 0.9875), (68.3875, 28.0025, 1.7125), (68.4125, 27.9775, 0.9875), (68.4125, 27.9775, 1.7125), (68.4125, 28.0025, 0.9875), (68.4125, 28.0025, 1.7125), (68.3875, 28.4975, 0.9875), (68.3875, 28.4975, 1.7125), (68.3875, 28.5225, 0.9875), (68.3875, 28.5225, 1.7125), (68.4125, 28.4975, 0.9875), (68.4125, 28.4975, 1.7125), (68.4125, 28.5225, 0.9875), (68.4125, 28.5225, 1.7125), (67.8675, 28.4975, 0.9875), (67.8675, 28.4975, 1.7125), (67.8675, 28.5225, 0.9875), (67.8675, 28.5225, 1.7125), (67.8925, 28.4975, 0.9875), (67.8925, 28.4975, 1.7125), (67.8925, 28.5225, 0.9875), (67.8925, 28.5225, 1.7125)] (
                                    aecoDerived = true
                                )
                                color3f[] primvars:displayColor = [(0.84, 0.52, 0.1)] (
                                    aecoDerived = true
                                )
                                uniform token subdivisionScheme = "none" (
                                    aecoDerived = true
                                )
                            }

                            def Mesh "Status" (
                                prepend apiSchemas = ["AecoDerivedGeometryAPI"]
                                customData = {
                                    bool aecoCompliancePresentation = 1
                                }
                            )
                            {
                                uniform token aeco:derived:approx = "bbox" (
                                    aecoDerived = true
                                )
                                uniform token aeco:derived:role = "symbol" (
                                    aecoDerived = true
                                )
                                string aeco:derived:source = "55f5a3c5-ef38-5ef8-b656-f1a6e89347b2" (
                                    aecoDerived = true
                                )
                                string aeco:derived:stamp = "aeco-compliance illustrative height envelope" (
                                    aecoDerived = true
                                )
                                uniform bool doubleSided = 1 (
                                    aecoDerived = true
                                )
                                int[] faceVertexCounts = [4, 4, 4, 4, 4, 4, 4, 4, 4, 4, 4, 4, 4, 4, 4, 4, 4, 4] (
                                    aecoDerived = true
                                )
                                int[] faceVertexIndices = [0, 1, 3, 2, 4, 6, 7, 5, 0, 4, 5, 1, 2, 3, 7, 6, 0, 2, 6, 4, 1, 5, 7, 3, 8, 9, 11, 10, 12, 14, 15, 13, 8, 12, 13, 9, 10, 11, 15, 14, 8, 10, 14, 12, 9, 13, 15, 11, 16, 17, 19, 18, 20, 22, 23, 21, 16, 20, 21, 17, 18, 19, 23, 22, 16, 18, 22, 20, 17, 21, 23, 19] (
                                    aecoDerived = true
                                )
                                point3f[] points = [(67.915, 28.205, 1.155), (67.915, 28.205, 1.245), (67.915, 28.295, 1.155), (67.915, 28.295, 1.245), (68.365, 28.205, 1.155), (68.365, 28.205, 1.245), (68.365, 28.295, 1.155), (68.365, 28.295, 1.245), (68.095, 28.025, 1.155), (68.095, 28.025, 1.245), (68.095, 28.475, 1.155), (68.095, 28.475, 1.245), (68.185, 28.025, 1.155), (68.185, 28.025, 1.245), (68.185, 28.475, 1.155), (68.185, 28.475, 1.245), (68.095, 28.205, 0.975), (68.095, 28.205, 1.425), (68.095, 28.295, 0.975), (68.095, 28.295, 1.425), (68.185, 28.205, 0.975), (68.185, 28.205, 1.425), (68.185, 28.295, 0.975), (68.185, 28.295, 1.425)] (
                                    aecoDerived = true
                                )
                                color3f[] primvars:displayColor = [(0.08, 0.55, 0.34)] (
                                    aecoDerived = true
                                )
                                uniform token subdivisionScheme = "none" (
                                    aecoDerived = true
                                )
                            }
                        }
                    }
                }

                def "Corridor_South"
                {
                    def "Iris_Scanner_door_mmr_1"
                    {
                        over "Geom"
                        {
                            color3f[] primvars:displayColor = [(0.08, 0.55, 0.34)] (
                                aecoDerived = true
                            )
                        }

                        def Xform "ComplianceEnvelope" (
                            customData = {
                                bool aecoCompliancePresentation = 1
                            }
                        )
                        {
                            uniform token[] xformOpOrder = ["!resetXformStack!"]

                            def Mesh "accessibility" (
                                prepend apiSchemas = ["AecoDerivedGeometryAPI"]
                                customData = {
                                    bool aecoCompliancePresentation = 1
                                }
                            )
                            {
                                uniform token aeco:derived:approx = "bbox" (
                                    aecoDerived = true
                                )
                                uniform token aeco:derived:role = "symbol" (
                                    aecoDerived = true
                                )
                                string aeco:derived:source = "d3c1a99b-5ad0-585e-9844-0ce455d9d0c8" (
                                    aecoDerived = true
                                )
                                string aeco:derived:stamp = "aeco-compliance illustrative height envelope" (
                                    aecoDerived = true
                                )
                                uniform bool doubleSided = 1 (
                                    aecoDerived = true
                                )
                                int[] faceVertexCounts = [4, 4, 4, 4, 4, 4, 4, 4, 4, 4, 4, 4, 4, 4, 4, 4, 4, 4, 4, 4, 4, 4, 4, 4, 4, 4, 4, 4, 4, 4, 4, 4, 4, 4, 4, 4, 4, 4, 4, 4, 4, 4, 4, 4, 4, 4, 4, 4, 4, 4, 4, 4, 4, 4, 4, 4, 4, 4, 4, 4, 4, 4, 4, 4, 4, 4, 4, 4, 4, 4, 4, 4] (
                                    aecoDerived = true
                                )
                                int[] faceVertexIndices = [0, 1, 3, 2, 4, 6, 7, 5, 0, 4, 5, 1, 2, 3, 7, 6, 0, 2, 6, 4, 1, 5, 7, 3, 8, 9, 11, 10, 12, 14, 15, 13, 8, 12, 13, 9, 10, 11, 15, 14, 8, 10, 14, 12, 9, 13, 15, 11, 16, 17, 19, 18, 20, 22, 23, 21, 16, 20, 21, 17, 18, 19, 23, 22, 16, 18, 22, 20, 17, 21, 23, 19, 24, 25, 27, 26, 28, 30, 31, 29, 24, 28, 29, 25, 26, 27, 31, 30, 24, 26, 30, 28, 25, 29, 31, 27, 32, 33, 35, 34, 36, 38, 39, 37, 32, 36, 37, 33, 34, 35, 39, 38, 32, 34, 38, 36, 33, 37, 39, 35, 40, 41, 43, 42, 44, 46, 47, 45, 40, 44, 45, 41, 42, 43, 47, 46, 40, 42, 46, 44, 41, 45, 47, 43, 48, 49, 51, 50, 52, 54, 55, 53, 48, 52, 53, 49, 50, 51, 55, 54, 48, 50, 54, 52, 49, 53, 55, 51, 56, 57, 59, 58, 60, 62, 63, 61, 56, 60, 61, 57, 58, 59, 63, 62, 56, 58, 62, 60, 57, 61, 63, 59, 64, 65, 67, 66, 68, 70, 71, 69, 64, 68, 69, 65, 66, 67, 71, 70, 64, 66, 70, 68, 65, 69, 71, 67, 72, 73, 75, 74, 76, 78, 79, 77, 72, 76, 77, 73, 74, 75, 79, 78, 72, 74, 78, 76, 73, 77, 79, 75, 80, 81, 83, 82, 84, 86, 87, 85, 80, 84, 85, 81, 82, 83, 87, 86, 80, 82, 86, 84, 81, 85, 87, 83, 88, 89, 91, 90, 92, 94, 95, 93, 88, 92, 93, 89, 90, 91, 95, 94, 88, 90, 94, 92, 89, 93, 95, 91] (
                                    aecoDerived = true
                                )
                                point3f[] points = [(17.3475, 10.2875, 0.8875), (17.3475, 10.2875, 0.9125), (17.3475, 10.3125, 0.8875), (17.3475, 10.3125, 0.9125), (18.3725, 10.2875, 0.8875), (18.3725, 10.2875, 0.9125), (18.3725, 10.3125, 0.8875), (18.3725, 10.3125, 0.9125), (18.3475, 10.2875, 0.8875), (18.3475, 10.2875, 0.9125), (18.3475, 11.3125, 0.8875), (18.3475, 11.3125, 0.9125), (18.3725, 10.2875, 0.8875), (18.3725, 10.2875, 0.9125), (18.3725, 11.3125, 0.8875), (18.3725, 11.3125, 0.9125), (17.3475, 11.2875, 0.8875), (17.3475, 11.2875, 0.9125), (17.3475, 11.3125, 0.8875), (17.3475, 11.3125, 0.9125), (18.3725, 11.2875, 0.8875), (18.3725, 11.2875, 0.9125), (18.3725, 11.3125, 0.8875), (18.3725, 11.3125, 0.9125), (17.3475, 10.2875, 0.8875), (17.3475, 10.2875, 0.9125), (17.3475, 11.3125, 0.8875), (17.3475, 11.3125, 0.9125), (17.3725, 10.2875, 0.8875), (17.3725, 10.2875, 0.9125), (17.3725, 11.3125, 0.8875), (17.3725, 11.3125, 0.9125), (17.3475, 10.2875, 1.1875), (17.3475, 10.2875, 1.2125), (17.3475, 10.3125, 1.1875), (17.3475, 10.3125, 1.2125), (18.3725, 10.2875, 1.1875), (18.3725, 10.2875, 1.2125), (18.3725, 10.3125, 1.1875), (18.3725, 10.3125, 1.2125), (18.3475, 10.2875, 1.1875), (18.3475, 10.2875, 1.2125), (18.3475, 11.3125, 1.1875), (18.3475, 11.3125, 1.2125), (18.3725, 10.2875, 1.1875), (18.3725, 10.2875, 1.2125), (18.3725, 11.3125, 1.1875), (18.3725, 11.3125, 1.2125), (17.3475, 11.2875, 1.1875), (17.3475, 11.2875, 1.2125), (17.3475, 11.3125, 1.1875), (17.3475, 11.3125, 1.2125), (18.3725, 11.2875, 1.1875), (18.3725, 11.2875, 1.2125), (18.3725, 11.3125, 1.1875), (18.3725, 11.3125, 1.2125), (17.3475, 10.2875, 1.1875), (17.3475, 10.2875, 1.2125), (17.3475, 11.3125, 1.1875), (17.3475, 11.3125, 1.2125), (17.3725, 10.2875, 1.1875), (17.3725, 10.2875, 1.2125), (17.3725, 11.3125, 1.1875), (17.3725, 11.3125, 1.2125), (17.3475, 10.2875, 0.8875), (17.3475, 10.2875, 1.2125), (17.3475, 10.3125, 0.8875), (17.3475, 10.3125, 1.2125), (17.3725, 10.2875, 0.8875), (17.3725, 10.2875, 1.2125), (17.3725, 10.3125, 0.8875), (17.3725, 10.3125, 1.2125), (18.3475, 10.2875, 0.8875), (18.3475, 10.2875, 1.2125), (18.3475, 10.3125, 0.8875), (18.3475, 10.3125, 1.2125), (18.3725, 10.2875, 0.8875), (18.3725, 10.2875, 1.2125), (18.3725, 10.3125, 0.8875), (18.3725, 10.3125, 1.2125), (18.3475, 11.2875, 0.8875), (18.3475, 11.2875, 1.2125), (18.3475, 11.3125, 0.8875), (18.3475, 11.3125, 1.2125), (18.3725, 11.2875, 0.8875), (18.3725, 11.2875, 1.2125), (18.3725, 11.3125, 0.8875), (18.3725, 11.3125, 1.2125), (17.3475, 11.2875, 0.8875), (17.3475, 11.2875, 1.2125), (17.3475, 11.3125, 0.8875), (17.3475, 11.3125, 1.2125), (17.3725, 11.2875, 0.8875), (17.3725, 11.2875, 1.2125), (17.3725, 11.3125, 0.8875), (17.3725, 11.3125, 1.2125)] (
                                    aecoDerived = true
                                )
                                color3f[] primvars:displayColor = [(0.17, 0.44, 0.76)] (
                                    aecoDerived = true
                                )
                                uniform token subdivisionScheme = "none" (
                                    aecoDerived = true
                                )
                            }

                            def Mesh "employer_security" (
                                prepend apiSchemas = ["AecoDerivedGeometryAPI"]
                                customData = {
                                    bool aecoCompliancePresentation = 1
                                }
                            )
                            {
                                uniform token aeco:derived:approx = "bbox" (
                                    aecoDerived = true
                                )
                                uniform token aeco:derived:role = "symbol" (
                                    aecoDerived = true
                                )
                                string aeco:derived:source = "d3c1a99b-5ad0-585e-9844-0ce455d9d0c8" (
                                    aecoDerived = true
                                )
                                string aeco:derived:stamp = "aeco-compliance illustrative height envelope" (
                                    aecoDerived = true
                                )
                                uniform bool doubleSided = 1 (
                                    aecoDerived = true
                                )
                                int[] faceVertexCounts = [4, 4, 4, 4, 4, 4, 4, 4, 4, 4, 4, 4, 4, 4, 4, 4, 4, 4, 4, 4, 4, 4, 4, 4, 4, 4, 4, 4, 4, 4, 4, 4, 4, 4, 4, 4, 4, 4, 4, 4, 4, 4, 4, 4, 4, 4, 4, 4, 4, 4, 4, 4, 4, 4, 4, 4, 4, 4, 4, 4, 4, 4, 4, 4, 4, 4, 4, 4, 4, 4, 4, 4] (
                                    aecoDerived = true
                                )
                                int[] faceVertexIndices = [0, 1, 3, 2, 4, 6, 7, 5, 0, 4, 5, 1, 2, 3, 7, 6, 0, 2, 6, 4, 1, 5, 7, 3, 8, 9, 11, 10, 12, 14, 15, 13, 8, 12, 13, 9, 10, 11, 15, 14, 8, 10, 14, 12, 9, 13, 15, 11, 16, 17, 19, 18, 20, 22, 23, 21, 16, 20, 21, 17, 18, 19, 23, 22, 16, 18, 22, 20, 17, 21, 23, 19, 24, 25, 27, 26, 28, 30, 31, 29, 24, 28, 29, 25, 26, 27, 31, 30, 24, 26, 30, 28, 25, 29, 31, 27, 32, 33, 35, 34, 36, 38, 39, 37, 32, 36, 37, 33, 34, 35, 39, 38, 32, 34, 38, 36, 33, 37, 39, 35, 40, 41, 43, 42, 44, 46, 47, 45, 40, 44, 45, 41, 42, 43, 47, 46, 40, 42, 46, 44, 41, 45, 47, 43, 48, 49, 51, 50, 52, 54, 55, 53, 48, 52, 53, 49, 50, 51, 55, 54, 48, 50, 54, 52, 49, 53, 55, 51, 56, 57, 59, 58, 60, 62, 63, 61, 56, 60, 61, 57, 58, 59, 63, 62, 56, 58, 62, 60, 57, 61, 63, 59, 64, 65, 67, 66, 68, 70, 71, 69, 64, 68, 69, 65, 66, 67, 71, 70, 64, 66, 70, 68, 65, 69, 71, 67, 72, 73, 75, 74, 76, 78, 79, 77, 72, 76, 77, 73, 74, 75, 79, 78, 72, 74, 78, 76, 73, 77, 79, 75, 80, 81, 83, 82, 84, 86, 87, 85, 80, 84, 85, 81, 82, 83, 87, 86, 80, 82, 86, 84, 81, 85, 87, 83, 88, 89, 91, 90, 92, 94, 95, 93, 88, 92, 93, 89, 90, 91, 95, 94, 88, 90, 94, 92, 89, 93, 95, 91] (
                                    aecoDerived = true
                                )
                                point3f[] points = [(17.4675, 10.4075, 1.0375), (17.4675, 10.4075, 1.0625), (17.4675, 10.4325, 1.0375), (17.4675, 10.4325, 1.0625), (18.2525, 10.4075, 1.0375), (18.2525, 10.4075, 1.0625), (18.2525, 10.4325, 1.0375), (18.2525, 10.4325, 1.0625), (18.2275, 10.4075, 1.0375), (18.2275, 10.4075, 1.0625), (18.2275, 11.1925, 1.0375), (18.2275, 11.1925, 1.0625), (18.2525, 10.4075, 1.0375), (18.2525, 10.4075, 1.0625), (18.2525, 11.1925, 1.0375), (18.2525, 11.1925, 1.0625), (17.4675, 11.1675, 1.0375), (17.4675, 11.1675, 1.0625), (17.4675, 11.1925, 1.0375), (17.4675, 11.1925, 1.0625), (18.2525, 11.1675, 1.0375), (18.2525, 11.1675, 1.0625), (18.2525, 11.1925, 1.0375), (18.2525, 11.1925, 1.0625), (17.4675, 10.4075, 1.0375), (17.4675, 10.4075, 1.0625), (17.4675, 11.1925, 1.0375), (17.4675, 11.1925, 1.0625), (17.4925, 10.4075, 1.0375), (17.4925, 10.4075, 1.0625), (17.4925, 11.1925, 1.0375), (17.4925, 11.1925, 1.0625), (17.4675, 10.4075, 1.1875), (17.4675, 10.4075, 1.2125), (17.4675, 10.4325, 1.1875), (17.4675, 10.4325, 1.2125), (18.2525, 10.4075, 1.1875), (18.2525, 10.4075, 1.2125), (18.2525, 10.4325, 1.1875), (18.2525, 10.4325, 1.2125), (18.2275, 10.4075, 1.1875), (18.2275, 10.4075, 1.2125), (18.2275, 11.1925, 1.1875), (18.2275, 11.1925, 1.2125), (18.2525, 10.4075, 1.1875), (18.2525, 10.4075, 1.2125), (18.2525, 11.1925, 1.1875), (18.2525, 11.1925, 1.2125), (17.4675, 11.1675, 1.1875), (17.4675, 11.1675, 1.2125), (17.4675, 11.1925, 1.1875), (17.4675, 11.1925, 1.2125), (18.2525, 11.1675, 1.1875), (18.2525, 11.1675, 1.2125), (18.2525, 11.1925, 1.1875), (18.2525, 11.1925, 1.2125), (17.4675, 10.4075, 1.1875), (17.4675, 10.4075, 1.2125), (17.4675, 11.1925, 1.1875), (17.4675, 11.1925, 1.2125), (17.4925, 10.4075, 1.1875), (17.4925, 10.4075, 1.2125), (17.4925, 11.1925, 1.1875), (17.4925, 11.1925, 1.2125), (17.4675, 10.4075, 1.0375), (17.4675, 10.4075, 1.2125), (17.4675, 10.4325, 1.0375), (17.4675, 10.4325, 1.2125), (17.4925, 10.4075, 1.0375), (17.4925, 10.4075, 1.2125), (17.4925, 10.4325, 1.0375), (17.4925, 10.4325, 1.2125), (18.2275, 10.4075, 1.0375), (18.2275, 10.4075, 1.2125), (18.2275, 10.4325, 1.0375), (18.2275, 10.4325, 1.2125), (18.2525, 10.4075, 1.0375), (18.2525, 10.4075, 1.2125), (18.2525, 10.4325, 1.0375), (18.2525, 10.4325, 1.2125), (18.2275, 11.1675, 1.0375), (18.2275, 11.1675, 1.2125), (18.2275, 11.1925, 1.0375), (18.2275, 11.1925, 1.2125), (18.2525, 11.1675, 1.0375), (18.2525, 11.1675, 1.2125), (18.2525, 11.1925, 1.0375), (18.2525, 11.1925, 1.2125), (17.4675, 11.1675, 1.0375), (17.4675, 11.1675, 1.2125), (17.4675, 11.1925, 1.0375), (17.4675, 11.1925, 1.2125), (17.4925, 11.1675, 1.0375), (17.4925, 11.1675, 1.2125), (17.4925, 11.1925, 1.0375), (17.4925, 11.1925, 1.2125)] (
                                    aecoDerived = true
                                )
                                color3f[] primvars:displayColor = [(0.08, 0.55, 0.34)] (
                                    aecoDerived = true
                                )
                                uniform token subdivisionScheme = "none" (
                                    aecoDerived = true
                                )
                            }

                            def Mesh "reader_datasheet" (
                                prepend apiSchemas = ["AecoDerivedGeometryAPI"]
                                customData = {
                                    bool aecoCompliancePresentation = 1
                                }
                            )
                            {
                                uniform token aeco:derived:approx = "bbox" (
                                    aecoDerived = true
                                )
                                uniform token aeco:derived:role = "symbol" (
                                    aecoDerived = true
                                )
                                string aeco:derived:source = "d3c1a99b-5ad0-585e-9844-0ce455d9d0c8" (
                                    aecoDerived = true
                                )
                                string aeco:derived:stamp = "aeco-compliance illustrative height envelope" (
                                    aecoDerived = true
                                )
                                uniform bool doubleSided = 1 (
                                    aecoDerived = true
                                )
                                int[] faceVertexCounts = [4, 4, 4, 4, 4, 4, 4, 4, 4, 4, 4, 4, 4, 4, 4, 4, 4, 4, 4, 4, 4, 4, 4, 4, 4, 4, 4, 4, 4, 4, 4, 4, 4, 4, 4, 4, 4, 4, 4, 4, 4, 4, 4, 4, 4, 4, 4, 4, 4, 4, 4, 4, 4, 4, 4, 4, 4, 4, 4, 4, 4, 4, 4, 4, 4, 4, 4, 4, 4, 4, 4, 4] (
                                    aecoDerived = true
                                )
                                int[] faceVertexIndices = [0, 1, 3, 2, 4, 6, 7, 5, 0, 4, 5, 1, 2, 3, 7, 6, 0, 2, 6, 4, 1, 5, 7, 3, 8, 9, 11, 10, 12, 14, 15, 13, 8, 12, 13, 9, 10, 11, 15, 14, 8, 10, 14, 12, 9, 13, 15, 11, 16, 17, 19, 18, 20, 22, 23, 21, 16, 20, 21, 17, 18, 19, 23, 22, 16, 18, 22, 20, 17, 21, 23, 19, 24, 25, 27, 26, 28, 30, 31, 29, 24, 28, 29, 25, 26, 27, 31, 30, 24, 26, 30, 28, 25, 29, 31, 27, 32, 33, 35, 34, 36, 38, 39, 37, 32, 36, 37, 33, 34, 35, 39, 38, 32, 34, 38, 36, 33, 37, 39, 35, 40, 41, 43, 42, 44, 46, 47, 45, 40, 44, 45, 41, 42, 43, 47, 46, 40, 42, 46, 44, 41, 45, 47, 43, 48, 49, 51, 50, 52, 54, 55, 53, 48, 52, 53, 49, 50, 51, 55, 54, 48, 50, 54, 52, 49, 53, 55, 51, 56, 57, 59, 58, 60, 62, 63, 61, 56, 60, 61, 57, 58, 59, 63, 62, 56, 58, 62, 60, 57, 61, 63, 59, 64, 65, 67, 66, 68, 70, 71, 69, 64, 68, 69, 65, 66, 67, 71, 70, 64, 66, 70, 68, 65, 69, 71, 67, 72, 73, 75, 74, 76, 78, 79, 77, 72, 76, 77, 73, 74, 75, 79, 78, 72, 74, 78, 76, 73, 77, 79, 75, 80, 81, 83, 82, 84, 86, 87, 85, 80, 84, 85, 81, 82, 83, 87, 86, 80, 82, 86, 84, 81, 85, 87, 83, 88, 89, 91, 90, 92, 94, 95, 93, 88, 92, 93, 89, 90, 91, 95, 94, 88, 90, 94, 92, 89, 93, 95, 91] (
                                    aecoDerived = true
                                )
                                point3f[] points = [(17.5875, 10.5275, 0.9875), (17.5875, 10.5275, 1.0125), (17.5875, 10.5525, 0.9875), (17.5875, 10.5525, 1.0125), (18.1325, 10.5275, 0.9875), (18.1325, 10.5275, 1.0125), (18.1325, 10.5525, 0.9875), (18.1325, 10.5525, 1.0125), (18.1075, 10.5275, 0.9875), (18.1075, 10.5275, 1.0125), (18.1075, 11.0725, 0.9875), (18.1075, 11.0725, 1.0125), (18.1325, 10.5275, 0.9875), (18.1325, 10.5275, 1.0125), (18.1325, 11.0725, 0.9875), (18.1325, 11.0725, 1.0125), (17.5875, 11.0475, 0.9875), (17.5875, 11.0475, 1.0125), (17.5875, 11.0725, 0.9875), (17.5875, 11.0725, 1.0125), (18.1325, 11.0475, 0.9875), (18.1325, 11.0475, 1.0125), (18.1325, 11.0725, 0.9875), (18.1325, 11.0725, 1.0125), (17.5875, 10.5275, 0.9875), (17.5875, 10.5275, 1.0125), (17.5875, 11.0725, 0.9875), (17.5875, 11.0725, 1.0125), (17.6125, 10.5275, 0.9875), (17.6125, 10.5275, 1.0125), (17.6125, 11.0725, 0.9875), (17.6125, 11.0725, 1.0125), (17.5875, 10.5275, 1.6875), (17.5875, 10.5275, 1.7125), (17.5875, 10.5525, 1.6875), (17.5875, 10.5525, 1.7125), (18.1325, 10.5275, 1.6875), (18.1325, 10.5275, 1.7125), (18.1325, 10.5525, 1.6875), (18.1325, 10.5525, 1.7125), (18.1075, 10.5275, 1.6875), (18.1075, 10.5275, 1.7125), (18.1075, 11.0725, 1.6875), (18.1075, 11.0725, 1.7125), (18.1325, 10.5275, 1.6875), (18.1325, 10.5275, 1.7125), (18.1325, 11.0725, 1.6875), (18.1325, 11.0725, 1.7125), (17.5875, 11.0475, 1.6875), (17.5875, 11.0475, 1.7125), (17.5875, 11.0725, 1.6875), (17.5875, 11.0725, 1.7125), (18.1325, 11.0475, 1.6875), (18.1325, 11.0475, 1.7125), (18.1325, 11.0725, 1.6875), (18.1325, 11.0725, 1.7125), (17.5875, 10.5275, 1.6875), (17.5875, 10.5275, 1.7125), (17.5875, 11.0725, 1.6875), (17.5875, 11.0725, 1.7125), (17.6125, 10.5275, 1.6875), (17.6125, 10.5275, 1.7125), (17.6125, 11.0725, 1.6875), (17.6125, 11.0725, 1.7125), (17.5875, 10.5275, 0.9875), (17.5875, 10.5275, 1.7125), (17.5875, 10.5525, 0.9875), (17.5875, 10.5525, 1.7125), (17.6125, 10.5275, 0.9875), (17.6125, 10.5275, 1.7125), (17.6125, 10.5525, 0.9875), (17.6125, 10.5525, 1.7125), (18.1075, 10.5275, 0.9875), (18.1075, 10.5275, 1.7125), (18.1075, 10.5525, 0.9875), (18.1075, 10.5525, 1.7125), (18.1325, 10.5275, 0.9875), (18.1325, 10.5275, 1.7125), (18.1325, 10.5525, 0.9875), (18.1325, 10.5525, 1.7125), (18.1075, 11.0475, 0.9875), (18.1075, 11.0475, 1.7125), (18.1075, 11.0725, 0.9875), (18.1075, 11.0725, 1.7125), (18.1325, 11.0475, 0.9875), (18.1325, 11.0475, 1.7125), (18.1325, 11.0725, 0.9875), (18.1325, 11.0725, 1.7125), (17.5875, 11.0475, 0.9875), (17.5875, 11.0475, 1.7125), (17.5875, 11.0725, 0.9875), (17.5875, 11.0725, 1.7125), (17.6125, 11.0475, 0.9875), (17.6125, 11.0475, 1.7125), (17.6125, 11.0725, 0.9875), (17.6125, 11.0725, 1.7125)] (
                                    aecoDerived = true
                                )
                                color3f[] primvars:displayColor = [(0.84, 0.52, 0.1)] (
                                    aecoDerived = true
                                )
                                uniform token subdivisionScheme = "none" (
                                    aecoDerived = true
                                )
                            }

                            def Mesh "Status" (
                                prepend apiSchemas = ["AecoDerivedGeometryAPI"]
                                customData = {
                                    bool aecoCompliancePresentation = 1
                                }
                            )
                            {
                                uniform token aeco:derived:approx = "bbox" (
                                    aecoDerived = true
                                )
                                uniform token aeco:derived:role = "symbol" (
                                    aecoDerived = true
                                )
                                string aeco:derived:source = "d3c1a99b-5ad0-585e-9844-0ce455d9d0c8" (
                                    aecoDerived = true
                                )
                                string aeco:derived:stamp = "aeco-compliance illustrative height envelope" (
                                    aecoDerived = true
                                )
                                uniform bool doubleSided = 1 (
                                    aecoDerived = true
                                )
                                int[] faceVertexCounts = [4, 4, 4, 4, 4, 4, 4, 4, 4, 4, 4, 4, 4, 4, 4, 4, 4, 4] (
                                    aecoDerived = true
                                )
                                int[] faceVertexIndices = [0, 1, 3, 2, 4, 6, 7, 5, 0, 4, 5, 1, 2, 3, 7, 6, 0, 2, 6, 4, 1, 5, 7, 3, 8, 9, 11, 10, 12, 14, 15, 13, 8, 12, 13, 9, 10, 11, 15, 14, 8, 10, 14, 12, 9, 13, 15, 11, 16, 17, 19, 18, 20, 22, 23, 21, 16, 20, 21, 17, 18, 19, 23, 22, 16, 18, 22, 20, 17, 21, 23, 19] (
                                    aecoDerived = true
                                )
                                point3f[] points = [(17.635, 10.755, 1.155), (17.635, 10.755, 1.245), (17.635, 10.845, 1.155), (17.635, 10.845, 1.245), (18.085, 10.755, 1.155), (18.085, 10.755, 1.245), (18.085, 10.845, 1.155), (18.085, 10.845, 1.245), (17.815, 10.575, 1.155), (17.815, 10.575, 1.245), (17.815, 11.025, 1.155), (17.815, 11.025, 1.245), (17.905, 10.575, 1.155), (17.905, 10.575, 1.245), (17.905, 11.025, 1.155), (17.905, 11.025, 1.245), (17.815, 10.755, 0.975), (17.815, 10.755, 1.425), (17.815, 10.845, 0.975), (17.815, 10.845, 1.425), (17.905, 10.755, 0.975), (17.905, 10.755, 1.425), (17.905, 10.845, 0.975), (17.905, 10.845, 1.425)] (
                                    aecoDerived = true
                                )
                                color3f[] primvars:displayColor = [(0.08, 0.55, 0.34)] (
                                    aecoDerived = true
                                )
                                uniform token subdivisionScheme = "none" (
                                    aecoDerived = true
                                )
                            }
                        }
                    }

                    def "Iris_Scanner_door_office_link"
                    {
                        over "Geom"
                        {
                            color3f[] primvars:displayColor = [(0.87, 0.16, 0.18)] (
                                aecoDerived = true
                            )
                        }

                        def Xform "ComplianceEnvelope" (
                            customData = {
                                bool aecoCompliancePresentation = 1
                            }
                        )
                        {
                            uniform token[] xformOpOrder = ["!resetXformStack!"]

                            def Mesh "accessibility" (
                                prepend apiSchemas = ["AecoDerivedGeometryAPI"]
                                customData = {
                                    bool aecoCompliancePresentation = 1
                                }
                            )
                            {
                                uniform token aeco:derived:approx = "bbox" (
                                    aecoDerived = true
                                )
                                uniform token aeco:derived:role = "symbol" (
                                    aecoDerived = true
                                )
                                string aeco:derived:source = "9f18ec18-169f-5d23-8daa-ab76fcd64c0d" (
                                    aecoDerived = true
                                )
                                string aeco:derived:stamp = "aeco-compliance illustrative height envelope" (
                                    aecoDerived = true
                                )
                                uniform bool doubleSided = 1 (
                                    aecoDerived = true
                                )
                                int[] faceVertexCounts = [4, 4, 4, 4, 4, 4, 4, 4, 4, 4, 4, 4, 4, 4, 4, 4, 4, 4, 4, 4, 4, 4, 4, 4, 4, 4, 4, 4, 4, 4, 4, 4, 4, 4, 4, 4, 4, 4, 4, 4, 4, 4, 4, 4, 4, 4, 4, 4, 4, 4, 4, 4, 4, 4, 4, 4, 4, 4, 4, 4, 4, 4, 4, 4, 4, 4, 4, 4, 4, 4, 4, 4] (
                                    aecoDerived = true
                                )
                                int[] faceVertexIndices = [0, 1, 3, 2, 4, 6, 7, 5, 0, 4, 5, 1, 2, 3, 7, 6, 0, 2, 6, 4, 1, 5, 7, 3, 8, 9, 11, 10, 12, 14, 15, 13, 8, 12, 13, 9, 10, 11, 15, 14, 8, 10, 14, 12, 9, 13, 15, 11, 16, 17, 19, 18, 20, 22, 23, 21, 16, 20, 21, 17, 18, 19, 23, 22, 16, 18, 22, 20, 17, 21, 23, 19, 24, 25, 27, 26, 28, 30, 31, 29, 24, 28, 29, 25, 26, 27, 31, 30, 24, 26, 30, 28, 25, 29, 31, 27, 32, 33, 35, 34, 36, 38, 39, 37, 32, 36, 37, 33, 34, 35, 39, 38, 32, 34, 38, 36, 33, 37, 39, 35, 40, 41, 43, 42, 44, 46, 47, 45, 40, 44, 45, 41, 42, 43, 47, 46, 40, 42, 46, 44, 41, 45, 47, 43, 48, 49, 51, 50, 52, 54, 55, 53, 48, 52, 53, 49, 50, 51, 55, 54, 48, 50, 54, 52, 49, 53, 55, 51, 56, 57, 59, 58, 60, 62, 63, 61, 56, 60, 61, 57, 58, 59, 63, 62, 56, 58, 62, 60, 57, 61, 63, 59, 64, 65, 67, 66, 68, 70, 71, 69, 64, 68, 69, 65, 66, 67, 71, 70, 64, 66, 70, 68, 65, 69, 71, 67, 72, 73, 75, 74, 76, 78, 79, 77, 72, 76, 77, 73, 74, 75, 79, 78, 72, 74, 78, 76, 73, 77, 79, 75, 80, 81, 83, 82, 84, 86, 87, 85, 80, 84, 85, 81, 82, 83, 87, 86, 80, 82, 86, 84, 81, 85, 87, 83, 88, 89, 91, 90, 92, 94, 95, 93, 88, 92, 93, 89, 90, 91, 95, 94, 88, 90, 94, 92, 89, 93, 95, 91] (
                                    aecoDerived = true
                                )
                                point3f[] points = [(17.2375, -0.3725, 0.8875), (17.2375, -0.3725, 0.9125), (17.2375, -0.3475, 0.8875), (17.2375, -0.3475, 0.9125), (18.2625, -0.3725, 0.8875), (18.2625, -0.3725, 0.9125), (18.2625, -0.3475, 0.8875), (18.2625, -0.3475, 0.9125), (18.2375, -0.3725, 0.8875), (18.2375, -0.3725, 0.9125), (18.2375, 0.6525, 0.8875), (18.2375, 0.6525, 0.9125), (18.2625, -0.3725, 0.8875), (18.2625, -0.3725, 0.9125), (18.2625, 0.6525, 0.8875), (18.2625, 0.6525, 0.9125), (17.2375, 0.6275, 0.8875), (17.2375, 0.6275, 0.9125), (17.2375, 0.6525, 0.8875), (17.2375, 0.6525, 0.9125), (18.2625, 0.6275, 0.8875), (18.2625, 0.6275, 0.9125), (18.2625, 0.6525, 0.8875), (18.2625, 0.6525, 0.9125), (17.2375, -0.3725, 0.8875), (17.2375, -0.3725, 0.9125), (17.2375, 0.6525, 0.8875), (17.2375, 0.6525, 0.9125), (17.2625, -0.3725, 0.8875), (17.2625, -0.3725, 0.9125), (17.2625, 0.6525, 0.8875), (17.2625, 0.6525, 0.9125), (17.2375, -0.3725, 1.1875), (17.2375, -0.3725, 1.2125), (17.2375, -0.3475, 1.1875), (17.2375, -0.3475, 1.2125), (18.2625, -0.3725, 1.1875), (18.2625, -0.3725, 1.2125), (18.2625, -0.3475, 1.1875), (18.2625, -0.3475, 1.2125), (18.2375, -0.3725, 1.1875), (18.2375, -0.3725, 1.2125), (18.2375, 0.6525, 1.1875), (18.2375, 0.6525, 1.2125), (18.2625, -0.3725, 1.1875), (18.2625, -0.3725, 1.2125), (18.2625, 0.6525, 1.1875), (18.2625, 0.6525, 1.2125), (17.2375, 0.6275, 1.1875), (17.2375, 0.6275, 1.2125), (17.2375, 0.6525, 1.1875), (17.2375, 0.6525, 1.2125), (18.2625, 0.6275, 1.1875), (18.2625, 0.6275, 1.2125), (18.2625, 0.6525, 1.1875), (18.2625, 0.6525, 1.2125), (17.2375, -0.3725, 1.1875), (17.2375, -0.3725, 1.2125), (17.2375, 0.6525, 1.1875), (17.2375, 0.6525, 1.2125), (17.2625, -0.3725, 1.1875), (17.2625, -0.3725, 1.2125), (17.2625, 0.6525, 1.1875), (17.2625, 0.6525, 1.2125), (17.2375, -0.3725, 0.8875), (17.2375, -0.3725, 1.2125), (17.2375, -0.3475, 0.8875), (17.2375, -0.3475, 1.2125), (17.2625, -0.3725, 0.8875), (17.2625, -0.3725, 1.2125), (17.2625, -0.3475, 0.8875), (17.2625, -0.3475, 1.2125), (18.2375, -0.3725, 0.8875), (18.2375, -0.3725, 1.2125), (18.2375, -0.3475, 0.8875), (18.2375, -0.3475, 1.2125), (18.2625, -0.3725, 0.8875), (18.2625, -0.3725, 1.2125), (18.2625, -0.3475, 0.8875), (18.2625, -0.3475, 1.2125), (18.2375, 0.6275, 0.8875), (18.2375, 0.6275, 1.2125), (18.2375, 0.6525, 0.8875), (18.2375, 0.6525, 1.2125), (18.2625, 0.6275, 0.8875), (18.2625, 0.6275, 1.2125), (18.2625, 0.6525, 0.8875), (18.2625, 0.6525, 1.2125), (17.2375, 0.6275, 0.8875), (17.2375, 0.6275, 1.2125), (17.2375, 0.6525, 0.8875), (17.2375, 0.6525, 1.2125), (17.2625, 0.6275, 0.8875), (17.2625, 0.6275, 1.2125), (17.2625, 0.6525, 0.8875), (17.2625, 0.6525, 1.2125)] (
                                    aecoDerived = true
                                )
                                color3f[] primvars:displayColor = [(0.17, 0.44, 0.76)] (
                                    aecoDerived = true
                                )
                                uniform token subdivisionScheme = "none" (
                                    aecoDerived = true
                                )
                            }

                            def Mesh "employer_security" (
                                prepend apiSchemas = ["AecoDerivedGeometryAPI"]
                                customData = {
                                    bool aecoCompliancePresentation = 1
                                }
                            )
                            {
                                uniform token aeco:derived:approx = "bbox" (
                                    aecoDerived = true
                                )
                                uniform token aeco:derived:role = "symbol" (
                                    aecoDerived = true
                                )
                                string aeco:derived:source = "9f18ec18-169f-5d23-8daa-ab76fcd64c0d" (
                                    aecoDerived = true
                                )
                                string aeco:derived:stamp = "aeco-compliance illustrative height envelope" (
                                    aecoDerived = true
                                )
                                uniform bool doubleSided = 1 (
                                    aecoDerived = true
                                )
                                int[] faceVertexCounts = [4, 4, 4, 4, 4, 4, 4, 4, 4, 4, 4, 4, 4, 4, 4, 4, 4, 4, 4, 4, 4, 4, 4, 4, 4, 4, 4, 4, 4, 4, 4, 4, 4, 4, 4, 4, 4, 4, 4, 4, 4, 4, 4, 4, 4, 4, 4, 4, 4, 4, 4, 4, 4, 4, 4, 4, 4, 4, 4, 4, 4, 4, 4, 4, 4, 4, 4, 4, 4, 4, 4, 4] (
                                    aecoDerived = true
                                )
                                int[] faceVertexIndices = [0, 1, 3, 2, 4, 6, 7, 5, 0, 4, 5, 1, 2, 3, 7, 6, 0, 2, 6, 4, 1, 5, 7, 3, 8, 9, 11, 10, 12, 14, 15, 13, 8, 12, 13, 9, 10, 11, 15, 14, 8, 10, 14, 12, 9, 13, 15, 11, 16, 17, 19, 18, 20, 22, 23, 21, 16, 20, 21, 17, 18, 19, 23, 22, 16, 18, 22, 20, 17, 21, 23, 19, 24, 25, 27, 26, 28, 30, 31, 29, 24, 28, 29, 25, 26, 27, 31, 30, 24, 26, 30, 28, 25, 29, 31, 27, 32, 33, 35, 34, 36, 38, 39, 37, 32, 36, 37, 33, 34, 35, 39, 38, 32, 34, 38, 36, 33, 37, 39, 35, 40, 41, 43, 42, 44, 46, 47, 45, 40, 44, 45, 41, 42, 43, 47, 46, 40, 42, 46, 44, 41, 45, 47, 43, 48, 49, 51, 50, 52, 54, 55, 53, 48, 52, 53, 49, 50, 51, 55, 54, 48, 50, 54, 52, 49, 53, 55, 51, 56, 57, 59, 58, 60, 62, 63, 61, 56, 60, 61, 57, 58, 59, 63, 62, 56, 58, 62, 60, 57, 61, 63, 59, 64, 65, 67, 66, 68, 70, 71, 69, 64, 68, 69, 65, 66, 67, 71, 70, 64, 66, 70, 68, 65, 69, 71, 67, 72, 73, 75, 74, 76, 78, 79, 77, 72, 76, 77, 73, 74, 75, 79, 78, 72, 74, 78, 76, 73, 77, 79, 75, 80, 81, 83, 82, 84, 86, 87, 85, 80, 84, 85, 81, 82, 83, 87, 86, 80, 82, 86, 84, 81, 85, 87, 83, 88, 89, 91, 90, 92, 94, 95, 93, 88, 92, 93, 89, 90, 91, 95, 94, 88, 90, 94, 92, 89, 93, 95, 91] (
                                    aecoDerived = true
                                )
                                point3f[] points = [(17.3575, -0.2525, 1.0375), (17.3575, -0.2525, 1.0625), (17.3575, -0.2275, 1.0375), (17.3575, -0.2275, 1.0625), (18.1425, -0.2525, 1.0375), (18.1425, -0.2525, 1.0625), (18.1425, -0.2275, 1.0375), (18.1425, -0.2275, 1.0625), (18.1175, -0.2525, 1.0375), (18.1175, -0.2525, 1.0625), (18.1175, 0.5325, 1.0375), (18.1175, 0.5325, 1.0625), (18.1425, -0.2525, 1.0375), (18.1425, -0.2525, 1.0625), (18.1425, 0.5325, 1.0375), (18.1425, 0.5325, 1.0625), (17.3575, 0.5075, 1.0375), (17.3575, 0.5075, 1.0625), (17.3575, 0.5325, 1.0375), (17.3575, 0.5325, 1.0625), (18.1425, 0.5075, 1.0375), (18.1425, 0.5075, 1.0625), (18.1425, 0.5325, 1.0375), (18.1425, 0.5325, 1.0625), (17.3575, -0.2525, 1.0375), (17.3575, -0.2525, 1.0625), (17.3575, 0.5325, 1.0375), (17.3575, 0.5325, 1.0625), (17.3825, -0.2525, 1.0375), (17.3825, -0.2525, 1.0625), (17.3825, 0.5325, 1.0375), (17.3825, 0.5325, 1.0625), (17.3575, -0.2525, 1.1875), (17.3575, -0.2525, 1.2125), (17.3575, -0.2275, 1.1875), (17.3575, -0.2275, 1.2125), (18.1425, -0.2525, 1.1875), (18.1425, -0.2525, 1.2125), (18.1425, -0.2275, 1.1875), (18.1425, -0.2275, 1.2125), (18.1175, -0.2525, 1.1875), (18.1175, -0.2525, 1.2125), (18.1175, 0.5325, 1.1875), (18.1175, 0.5325, 1.2125), (18.1425, -0.2525, 1.1875), (18.1425, -0.2525, 1.2125), (18.1425, 0.5325, 1.1875), (18.1425, 0.5325, 1.2125), (17.3575, 0.5075, 1.1875), (17.3575, 0.5075, 1.2125), (17.3575, 0.5325, 1.1875), (17.3575, 0.5325, 1.2125), (18.1425, 0.5075, 1.1875), (18.1425, 0.5075, 1.2125), (18.1425, 0.5325, 1.1875), (18.1425, 0.5325, 1.2125), (17.3575, -0.2525, 1.1875), (17.3575, -0.2525, 1.2125), (17.3575, 0.5325, 1.1875), (17.3575, 0.5325, 1.2125), (17.3825, -0.2525, 1.1875), (17.3825, -0.2525, 1.2125), (17.3825, 0.5325, 1.1875), (17.3825, 0.5325, 1.2125), (17.3575, -0.2525, 1.0375), (17.3575, -0.2525, 1.2125), (17.3575, -0.2275, 1.0375), (17.3575, -0.2275, 1.2125), (17.3825, -0.2525, 1.0375), (17.3825, -0.2525, 1.2125), (17.3825, -0.2275, 1.0375), (17.3825, -0.2275, 1.2125), (18.1175, -0.2525, 1.0375), (18.1175, -0.2525, 1.2125), (18.1175, -0.2275, 1.0375), (18.1175, -0.2275, 1.2125), (18.1425, -0.2525, 1.0375), (18.1425, -0.2525, 1.2125), (18.1425, -0.2275, 1.0375), (18.1425, -0.2275, 1.2125), (18.1175, 0.5075, 1.0375), (18.1175, 0.5075, 1.2125), (18.1175, 0.5325, 1.0375), (18.1175, 0.5325, 1.2125), (18.1425, 0.5075, 1.0375), (18.1425, 0.5075, 1.2125), (18.1425, 0.5325, 1.0375), (18.1425, 0.5325, 1.2125), (17.3575, 0.5075, 1.0375), (17.3575, 0.5075, 1.2125), (17.3575, 0.5325, 1.0375), (17.3575, 0.5325, 1.2125), (17.3825, 0.5075, 1.0375), (17.3825, 0.5075, 1.2125), (17.3825, 0.5325, 1.0375), (17.3825, 0.5325, 1.2125)] (
                                    aecoDerived = true
                                )
                                color3f[] primvars:displayColor = [(0.08, 0.55, 0.34)] (
                                    aecoDerived = true
                                )
                                uniform token subdivisionScheme = "none" (
                                    aecoDerived = true
                                )
                            }

                            def Mesh "reader_datasheet" (
                                prepend apiSchemas = ["AecoDerivedGeometryAPI"]
                                customData = {
                                    bool aecoCompliancePresentation = 1
                                }
                            )
                            {
                                uniform token aeco:derived:approx = "bbox" (
                                    aecoDerived = true
                                )
                                uniform token aeco:derived:role = "symbol" (
                                    aecoDerived = true
                                )
                                string aeco:derived:source = "9f18ec18-169f-5d23-8daa-ab76fcd64c0d" (
                                    aecoDerived = true
                                )
                                string aeco:derived:stamp = "aeco-compliance illustrative height envelope" (
                                    aecoDerived = true
                                )
                                uniform bool doubleSided = 1 (
                                    aecoDerived = true
                                )
                                int[] faceVertexCounts = [4, 4, 4, 4, 4, 4, 4, 4, 4, 4, 4, 4, 4, 4, 4, 4, 4, 4, 4, 4, 4, 4, 4, 4, 4, 4, 4, 4, 4, 4, 4, 4, 4, 4, 4, 4, 4, 4, 4, 4, 4, 4, 4, 4, 4, 4, 4, 4, 4, 4, 4, 4, 4, 4, 4, 4, 4, 4, 4, 4, 4, 4, 4, 4, 4, 4, 4, 4, 4, 4, 4, 4] (
                                    aecoDerived = true
                                )
                                int[] faceVertexIndices = [0, 1, 3, 2, 4, 6, 7, 5, 0, 4, 5, 1, 2, 3, 7, 6, 0, 2, 6, 4, 1, 5, 7, 3, 8, 9, 11, 10, 12, 14, 15, 13, 8, 12, 13, 9, 10, 11, 15, 14, 8, 10, 14, 12, 9, 13, 15, 11, 16, 17, 19, 18, 20, 22, 23, 21, 16, 20, 21, 17, 18, 19, 23, 22, 16, 18, 22, 20, 17, 21, 23, 19, 24, 25, 27, 26, 28, 30, 31, 29, 24, 28, 29, 25, 26, 27, 31, 30, 24, 26, 30, 28, 25, 29, 31, 27, 32, 33, 35, 34, 36, 38, 39, 37, 32, 36, 37, 33, 34, 35, 39, 38, 32, 34, 38, 36, 33, 37, 39, 35, 40, 41, 43, 42, 44, 46, 47, 45, 40, 44, 45, 41, 42, 43, 47, 46, 40, 42, 46, 44, 41, 45, 47, 43, 48, 49, 51, 50, 52, 54, 55, 53, 48, 52, 53, 49, 50, 51, 55, 54, 48, 50, 54, 52, 49, 53, 55, 51, 56, 57, 59, 58, 60, 62, 63, 61, 56, 60, 61, 57, 58, 59, 63, 62, 56, 58, 62, 60, 57, 61, 63, 59, 64, 65, 67, 66, 68, 70, 71, 69, 64, 68, 69, 65, 66, 67, 71, 70, 64, 66, 70, 68, 65, 69, 71, 67, 72, 73, 75, 74, 76, 78, 79, 77, 72, 76, 77, 73, 74, 75, 79, 78, 72, 74, 78, 76, 73, 77, 79, 75, 80, 81, 83, 82, 84, 86, 87, 85, 80, 84, 85, 81, 82, 83, 87, 86, 80, 82, 86, 84, 81, 85, 87, 83, 88, 89, 91, 90, 92, 94, 95, 93, 88, 92, 93, 89, 90, 91, 95, 94, 88, 90, 94, 92, 89, 93, 95, 91] (
                                    aecoDerived = true
                                )
                                point3f[] points = [(17.4775, -0.1325, 0.9875), (17.4775, -0.1325, 1.0125), (17.4775, -0.1075, 0.9875), (17.4775, -0.1075, 1.0125), (18.0225, -0.1325, 0.9875), (18.0225, -0.1325, 1.0125), (18.0225, -0.1075, 0.9875), (18.0225, -0.1075, 1.0125), (17.9975, -0.1325, 0.9875), (17.9975, -0.1325, 1.0125), (17.9975, 0.4125, 0.9875), (17.9975, 0.4125, 1.0125), (18.0225, -0.1325, 0.9875), (18.0225, -0.1325, 1.0125), (18.0225, 0.4125, 0.9875), (18.0225, 0.4125, 1.0125), (17.4775, 0.3875, 0.9875), (17.4775, 0.3875, 1.0125), (17.4775, 0.4125, 0.9875), (17.4775, 0.4125, 1.0125), (18.0225, 0.3875, 0.9875), (18.0225, 0.3875, 1.0125), (18.0225, 0.4125, 0.9875), (18.0225, 0.4125, 1.0125), (17.4775, -0.1325, 0.9875), (17.4775, -0.1325, 1.0125), (17.4775, 0.4125, 0.9875), (17.4775, 0.4125, 1.0125), (17.5025, -0.1325, 0.9875), (17.5025, -0.1325, 1.0125), (17.5025, 0.4125, 0.9875), (17.5025, 0.4125, 1.0125), (17.4775, -0.1325, 1.6875), (17.4775, -0.1325, 1.7125), (17.4775, -0.1075, 1.6875), (17.4775, -0.1075, 1.7125), (18.0225, -0.1325, 1.6875), (18.0225, -0.1325, 1.7125), (18.0225, -0.1075, 1.6875), (18.0225, -0.1075, 1.7125), (17.9975, -0.1325, 1.6875), (17.9975, -0.1325, 1.7125), (17.9975, 0.4125, 1.6875), (17.9975, 0.4125, 1.7125), (18.0225, -0.1325, 1.6875), (18.0225, -0.1325, 1.7125), (18.0225, 0.4125, 1.6875), (18.0225, 0.4125, 1.7125), (17.4775, 0.3875, 1.6875), (17.4775, 0.3875, 1.7125), (17.4775, 0.4125, 1.6875), (17.4775, 0.4125, 1.7125), (18.0225, 0.3875, 1.6875), (18.0225, 0.3875, 1.7125), (18.0225, 0.4125, 1.6875), (18.0225, 0.4125, 1.7125), (17.4775, -0.1325, 1.6875), (17.4775, -0.1325, 1.7125), (17.4775, 0.4125, 1.6875), (17.4775, 0.4125, 1.7125), (17.5025, -0.1325, 1.6875), (17.5025, -0.1325, 1.7125), (17.5025, 0.4125, 1.6875), (17.5025, 0.4125, 1.7125), (17.4775, -0.1325, 0.9875), (17.4775, -0.1325, 1.7125), (17.4775, -0.1075, 0.9875), (17.4775, -0.1075, 1.7125), (17.5025, -0.1325, 0.9875), (17.5025, -0.1325, 1.7125), (17.5025, -0.1075, 0.9875), (17.5025, -0.1075, 1.7125), (17.9975, -0.1325, 0.9875), (17.9975, -0.1325, 1.7125), (17.9975, -0.1075, 0.9875), (17.9975, -0.1075, 1.7125), (18.0225, -0.1325, 0.9875), (18.0225, -0.1325, 1.7125), (18.0225, -0.1075, 0.9875), (18.0225, -0.1075, 1.7125), (17.9975, 0.3875, 0.9875), (17.9975, 0.3875, 1.7125), (17.9975, 0.4125, 0.9875), (17.9975, 0.4125, 1.7125), (18.0225, 0.3875, 0.9875), (18.0225, 0.3875, 1.7125), (18.0225, 0.4125, 0.9875), (18.0225, 0.4125, 1.7125), (17.4775, 0.3875, 0.9875), (17.4775, 0.3875, 1.7125), (17.4775, 0.4125, 0.9875), (17.4775, 0.4125, 1.7125), (17.5025, 0.3875, 0.9875), (17.5025, 0.3875, 1.7125), (17.5025, 0.4125, 0.9875), (17.5025, 0.4125, 1.7125)] (
                                    aecoDerived = true
                                )
                                color3f[] primvars:displayColor = [(0.84, 0.52, 0.1)] (
                                    aecoDerived = true
                                )
                                uniform token subdivisionScheme = "none" (
                                    aecoDerived = true
                                )
                            }

                            def Mesh "Status" (
                                prepend apiSchemas = ["AecoDerivedGeometryAPI"]
                                customData = {
                                    bool aecoCompliancePresentation = 1
                                }
                            )
                            {
                                uniform token aeco:derived:approx = "bbox" (
                                    aecoDerived = true
                                )
                                uniform token aeco:derived:role = "symbol" (
                                    aecoDerived = true
                                )
                                string aeco:derived:source = "9f18ec18-169f-5d23-8daa-ab76fcd64c0d" (
                                    aecoDerived = true
                                )
                                string aeco:derived:stamp = "aeco-compliance illustrative height envelope" (
                                    aecoDerived = true
                                )
                                uniform bool doubleSided = 1 (
                                    aecoDerived = true
                                )
                                int[] faceVertexCounts = [4, 4, 4, 4, 4, 4, 4, 4, 4, 4, 4, 4, 4, 4, 4, 4, 4, 4] (
                                    aecoDerived = true
                                )
                                int[] faceVertexIndices = [0, 1, 3, 2, 4, 6, 7, 5, 0, 4, 5, 1, 2, 3, 7, 6, 0, 2, 6, 4, 1, 5, 7, 3, 8, 9, 11, 10, 12, 14, 15, 13, 8, 12, 13, 9, 10, 11, 15, 14, 8, 10, 14, 12, 9, 13, 15, 11, 16, 17, 19, 18, 20, 22, 23, 21, 16, 20, 21, 17, 18, 19, 23, 22, 16, 18, 22, 20, 17, 21, 23, 19] (
                                    aecoDerived = true
                                )
                                point3f[] points = [(17.525, 0.095, 1.605), (17.525, 0.095, 1.695), (17.525, 0.185, 1.605), (17.525, 0.185, 1.695), (17.975, 0.095, 1.605), (17.975, 0.095, 1.695), (17.975, 0.185, 1.605), (17.975, 0.185, 1.695), (17.705, -0.085, 1.605), (17.705, -0.085, 1.695), (17.705, 0.365, 1.605), (17.705, 0.365, 1.695), (17.795, -0.085, 1.605), (17.795, -0.085, 1.695), (17.795, 0.365, 1.605), (17.795, 0.365, 1.695), (17.705, 0.095, 1.425), (17.705, 0.095, 1.875), (17.705, 0.185, 1.425), (17.705, 0.185, 1.875), (17.795, 0.095, 1.425), (17.795, 0.095, 1.875), (17.795, 0.185, 1.425), (17.795, 0.185, 1.875)] (
                                    aecoDerived = true
                                )
                                color3f[] primvars:displayColor = [(0.87, 0.16, 0.18)] (
                                    aecoDerived = true
                                )
                                uniform token subdivisionScheme = "none" (
                                    aecoDerived = true
                                )
                            }
                        }
                    }
                }

                def "Corridor_Spine"
                {
                    def "Iris_Scanner_door_elec_a"
                    {
                        over "Geom"
                        {
                            color3f[] primvars:displayColor = [(0.08, 0.55, 0.34)] (
                                aecoDerived = true
                            )
                        }

                        def Xform "ComplianceEnvelope" (
                            customData = {
                                bool aecoCompliancePresentation = 1
                            }
                        )
                        {
                            uniform token[] xformOpOrder = ["!resetXformStack!"]

                            def Mesh "accessibility" (
                                prepend apiSchemas = ["AecoDerivedGeometryAPI"]
                                customData = {
                                    bool aecoCompliancePresentation = 1
                                }
                            )
                            {
                                uniform token aeco:derived:approx = "bbox" (
                                    aecoDerived = true
                                )
                                uniform token aeco:derived:role = "symbol" (
                                    aecoDerived = true
                                )
                                string aeco:derived:source = "58c4272e-5e9d-559a-b3ab-f602af24d1fb" (
                                    aecoDerived = true
                                )
                                string aeco:derived:stamp = "aeco-compliance illustrative height envelope" (
                                    aecoDerived = true
                                )
                                uniform bool doubleSided = 1 (
                                    aecoDerived = true
                                )
                                int[] faceVertexCounts = [4, 4, 4, 4, 4, 4, 4, 4, 4, 4, 4, 4, 4, 4, 4, 4, 4, 4, 4, 4, 4, 4, 4, 4, 4, 4, 4, 4, 4, 4, 4, 4, 4, 4, 4, 4, 4, 4, 4, 4, 4, 4, 4, 4, 4, 4, 4, 4, 4, 4, 4, 4, 4, 4, 4, 4, 4, 4, 4, 4, 4, 4, 4, 4, 4, 4, 4, 4, 4, 4, 4, 4] (
                                    aecoDerived = true
                                )
                                int[] faceVertexIndices = [0, 1, 3, 2, 4, 6, 7, 5, 0, 4, 5, 1, 2, 3, 7, 6, 0, 2, 6, 4, 1, 5, 7, 3, 8, 9, 11, 10, 12, 14, 15, 13, 8, 12, 13, 9, 10, 11, 15, 14, 8, 10, 14, 12, 9, 13, 15, 11, 16, 17, 19, 18, 20, 22, 23, 21, 16, 20, 21, 17, 18, 19, 23, 22, 16, 18, 22, 20, 17, 21, 23, 19, 24, 25, 27, 26, 28, 30, 31, 29, 24, 28, 29, 25, 26, 27, 31, 30, 24, 26, 30, 28, 25, 29, 31, 27, 32, 33, 35, 34, 36, 38, 39, 37, 32, 36, 37, 33, 34, 35, 39, 38, 32, 34, 38, 36, 33, 37, 39, 35, 40, 41, 43, 42, 44, 46, 47, 45, 40, 44, 45, 41, 42, 43, 47, 46, 40, 42, 46, 44, 41, 45, 47, 43, 48, 49, 51, 50, 52, 54, 55, 53, 48, 52, 53, 49, 50, 51, 55, 54, 48, 50, 54, 52, 49, 53, 55, 51, 56, 57, 59, 58, 60, 62, 63, 61, 56, 60, 61, 57, 58, 59, 63, 62, 56, 58, 62, 60, 57, 61, 63, 59, 64, 65, 67, 66, 68, 70, 71, 69, 64, 68, 69, 65, 66, 67, 71, 70, 64, 66, 70, 68, 65, 69, 71, 67, 72, 73, 75, 74, 76, 78, 79, 77, 72, 76, 77, 73, 74, 75, 79, 78, 72, 74, 78, 76, 73, 77, 79, 75, 80, 81, 83, 82, 84, 86, 87, 85, 80, 84, 85, 81, 82, 83, 87, 86, 80, 82, 86, 84, 81, 85, 87, 83, 88, 89, 91, 90, 92, 94, 95, 93, 88, 92, 93, 89, 90, 91, 95, 94, 88, 90, 94, 92, 89, 93, 95, 91] (
                                    aecoDerived = true
                                )
                                point3f[] points = [(9.7375, 14.6275, 0.8875), (9.7375, 14.6275, 0.9125), (9.7375, 14.6525, 0.8875), (9.7375, 14.6525, 0.9125), (10.7625, 14.6275, 0.8875), (10.7625, 14.6275, 0.9125), (10.7625, 14.6525, 0.8875), (10.7625, 14.6525, 0.9125), (10.7375, 14.6275, 0.8875), (10.7375, 14.6275, 0.9125), (10.7375, 15.6525, 0.8875), (10.7375, 15.6525, 0.9125), (10.7625, 14.6275, 0.8875), (10.7625, 14.6275, 0.9125), (10.7625, 15.6525, 0.8875), (10.7625, 15.6525, 0.9125), (9.7375, 15.6275, 0.8875), (9.7375, 15.6275, 0.9125), (9.7375, 15.6525, 0.8875), (9.7375, 15.6525, 0.9125), (10.7625, 15.6275, 0.8875), (10.7625, 15.6275, 0.9125), (10.7625, 15.6525, 0.8875), (10.7625, 15.6525, 0.9125), (9.7375, 14.6275, 0.8875), (9.7375, 14.6275, 0.9125), (9.7375, 15.6525, 0.8875), (9.7375, 15.6525, 0.9125), (9.7625, 14.6275, 0.8875), (9.7625, 14.6275, 0.9125), (9.7625, 15.6525, 0.8875), (9.7625, 15.6525, 0.9125), (9.7375, 14.6275, 1.1875), (9.7375, 14.6275, 1.2125), (9.7375, 14.6525, 1.1875), (9.7375, 14.6525, 1.2125), (10.7625, 14.6275, 1.1875), (10.7625, 14.6275, 1.2125), (10.7625, 14.6525, 1.1875), (10.7625, 14.6525, 1.2125), (10.7375, 14.6275, 1.1875), (10.7375, 14.6275, 1.2125), (10.7375, 15.6525, 1.1875), (10.7375, 15.6525, 1.2125), (10.7625, 14.6275, 1.1875), (10.7625, 14.6275, 1.2125), (10.7625, 15.6525, 1.1875), (10.7625, 15.6525, 1.2125), (9.7375, 15.6275, 1.1875), (9.7375, 15.6275, 1.2125), (9.7375, 15.6525, 1.1875), (9.7375, 15.6525, 1.2125), (10.7625, 15.6275, 1.1875), (10.7625, 15.6275, 1.2125), (10.7625, 15.6525, 1.1875), (10.7625, 15.6525, 1.2125), (9.7375, 14.6275, 1.1875), (9.7375, 14.6275, 1.2125), (9.7375, 15.6525, 1.1875), (9.7375, 15.6525, 1.2125), (9.7625, 14.6275, 1.1875), (9.7625, 14.6275, 1.2125), (9.7625, 15.6525, 1.1875), (9.7625, 15.6525, 1.2125), (9.7375, 14.6275, 0.8875), (9.7375, 14.6275, 1.2125), (9.7375, 14.6525, 0.8875), (9.7375, 14.6525, 1.2125), (9.7625, 14.6275, 0.8875), (9.7625, 14.6275, 1.2125), (9.7625, 14.6525, 0.8875), (9.7625, 14.6525, 1.2125), (10.7375, 14.6275, 0.8875), (10.7375, 14.6275, 1.2125), (10.7375, 14.6525, 0.8875), (10.7375, 14.6525, 1.2125), (10.7625, 14.6275, 0.8875), (10.7625, 14.6275, 1.2125), (10.7625, 14.6525, 0.8875), (10.7625, 14.6525, 1.2125), (10.7375, 15.6275, 0.8875), (10.7375, 15.6275, 1.2125), (10.7375, 15.6525, 0.8875), (10.7375, 15.6525, 1.2125), (10.7625, 15.6275, 0.8875), (10.7625, 15.6275, 1.2125), (10.7625, 15.6525, 0.8875), (10.7625, 15.6525, 1.2125), (9.7375, 15.6275, 0.8875), (9.7375, 15.6275, 1.2125), (9.7375, 15.6525, 0.8875), (9.7375, 15.6525, 1.2125), (9.7625, 15.6275, 0.8875), (9.7625, 15.6275, 1.2125), (9.7625, 15.6525, 0.8875), (9.7625, 15.6525, 1.2125)] (
                                    aecoDerived = true
                                )
                                color3f[] primvars:displayColor = [(0.17, 0.44, 0.76)] (
                                    aecoDerived = true
                                )
                                uniform token subdivisionScheme = "none" (
                                    aecoDerived = true
                                )
                            }

                            def Mesh "employer_security" (
                                prepend apiSchemas = ["AecoDerivedGeometryAPI"]
                                customData = {
                                    bool aecoCompliancePresentation = 1
                                }
                            )
                            {
                                uniform token aeco:derived:approx = "bbox" (
                                    aecoDerived = true
                                )
                                uniform token aeco:derived:role = "symbol" (
                                    aecoDerived = true
                                )
                                string aeco:derived:source = "58c4272e-5e9d-559a-b3ab-f602af24d1fb" (
                                    aecoDerived = true
                                )
                                string aeco:derived:stamp = "aeco-compliance illustrative height envelope" (
                                    aecoDerived = true
                                )
                                uniform bool doubleSided = 1 (
                                    aecoDerived = true
                                )
                                int[] faceVertexCounts = [4, 4, 4, 4, 4, 4, 4, 4, 4, 4, 4, 4, 4, 4, 4, 4, 4, 4, 4, 4, 4, 4, 4, 4, 4, 4, 4, 4, 4, 4, 4, 4, 4, 4, 4, 4, 4, 4, 4, 4, 4, 4, 4, 4, 4, 4, 4, 4, 4, 4, 4, 4, 4, 4, 4, 4, 4, 4, 4, 4, 4, 4, 4, 4, 4, 4, 4, 4, 4, 4, 4, 4] (
                                    aecoDerived = true
                                )
                                int[] faceVertexIndices = [0, 1, 3, 2, 4, 6, 7, 5, 0, 4, 5, 1, 2, 3, 7, 6, 0, 2, 6, 4, 1, 5, 7, 3, 8, 9, 11, 10, 12, 14, 15, 13, 8, 12, 13, 9, 10, 11, 15, 14, 8, 10, 14, 12, 9, 13, 15, 11, 16, 17, 19, 18, 20, 22, 23, 21, 16, 20, 21, 17, 18, 19, 23, 22, 16, 18, 22, 20, 17, 21, 23, 19, 24, 25, 27, 26, 28, 30, 31, 29, 24, 28, 29, 25, 26, 27, 31, 30, 24, 26, 30, 28, 25, 29, 31, 27, 32, 33, 35, 34, 36, 38, 39, 37, 32, 36, 37, 33, 34, 35, 39, 38, 32, 34, 38, 36, 33, 37, 39, 35, 40, 41, 43, 42, 44, 46, 47, 45, 40, 44, 45, 41, 42, 43, 47, 46, 40, 42, 46, 44, 41, 45, 47, 43, 48, 49, 51, 50, 52, 54, 55, 53, 48, 52, 53, 49, 50, 51, 55, 54, 48, 50, 54, 52, 49, 53, 55, 51, 56, 57, 59, 58, 60, 62, 63, 61, 56, 60, 61, 57, 58, 59, 63, 62, 56, 58, 62, 60, 57, 61, 63, 59, 64, 65, 67, 66, 68, 70, 71, 69, 64, 68, 69, 65, 66, 67, 71, 70, 64, 66, 70, 68, 65, 69, 71, 67, 72, 73, 75, 74, 76, 78, 79, 77, 72, 76, 77, 73, 74, 75, 79, 78, 72, 74, 78, 76, 73, 77, 79, 75, 80, 81, 83, 82, 84, 86, 87, 85, 80, 84, 85, 81, 82, 83, 87, 86, 80, 82, 86, 84, 81, 85, 87, 83, 88, 89, 91, 90, 92, 94, 95, 93, 88, 92, 93, 89, 90, 91, 95, 94, 88, 90, 94, 92, 89, 93, 95, 91] (
                                    aecoDerived = true
                                )
                                point3f[] points = [(9.8575, 14.7475, 1.0375), (9.8575, 14.7475, 1.0625), (9.8575, 14.7725, 1.0375), (9.8575, 14.7725, 1.0625), (10.6425, 14.7475, 1.0375), (10.6425, 14.7475, 1.0625), (10.6425, 14.7725, 1.0375), (10.6425, 14.7725, 1.0625), (10.6175, 14.7475, 1.0375), (10.6175, 14.7475, 1.0625), (10.6175, 15.5325, 1.0375), (10.6175, 15.5325, 1.0625), (10.6425, 14.7475, 1.0375), (10.6425, 14.7475, 1.0625), (10.6425, 15.5325, 1.0375), (10.6425, 15.5325, 1.0625), (9.8575, 15.5075, 1.0375), (9.8575, 15.5075, 1.0625), (9.8575, 15.5325, 1.0375), (9.8575, 15.5325, 1.0625), (10.6425, 15.5075, 1.0375), (10.6425, 15.5075, 1.0625), (10.6425, 15.5325, 1.0375), (10.6425, 15.5325, 1.0625), (9.8575, 14.7475, 1.0375), (9.8575, 14.7475, 1.0625), (9.8575, 15.5325, 1.0375), (9.8575, 15.5325, 1.0625), (9.8825, 14.7475, 1.0375), (9.8825, 14.7475, 1.0625), (9.8825, 15.5325, 1.0375), (9.8825, 15.5325, 1.0625), (9.8575, 14.7475, 1.1875), (9.8575, 14.7475, 1.2125), (9.8575, 14.7725, 1.1875), (9.8575, 14.7725, 1.2125), (10.6425, 14.7475, 1.1875), (10.6425, 14.7475, 1.2125), (10.6425, 14.7725, 1.1875), (10.6425, 14.7725, 1.2125), (10.6175, 14.7475, 1.1875), (10.6175, 14.7475, 1.2125), (10.6175, 15.5325, 1.1875), (10.6175, 15.5325, 1.2125), (10.6425, 14.7475, 1.1875), (10.6425, 14.7475, 1.2125), (10.6425, 15.5325, 1.1875), (10.6425, 15.5325, 1.2125), (9.8575, 15.5075, 1.1875), (9.8575, 15.5075, 1.2125), (9.8575, 15.5325, 1.1875), (9.8575, 15.5325, 1.2125), (10.6425, 15.5075, 1.1875), (10.6425, 15.5075, 1.2125), (10.6425, 15.5325, 1.1875), (10.6425, 15.5325, 1.2125), (9.8575, 14.7475, 1.1875), (9.8575, 14.7475, 1.2125), (9.8575, 15.5325, 1.1875), (9.8575, 15.5325, 1.2125), (9.8825, 14.7475, 1.1875), (9.8825, 14.7475, 1.2125), (9.8825, 15.5325, 1.1875), (9.8825, 15.5325, 1.2125), (9.8575, 14.7475, 1.0375), (9.8575, 14.7475, 1.2125), (9.8575, 14.7725, 1.0375), (9.8575, 14.7725, 1.2125), (9.8825, 14.7475, 1.0375), (9.8825, 14.7475, 1.2125), (9.8825, 14.7725, 1.0375), (9.8825, 14.7725, 1.2125), (10.6175, 14.7475, 1.0375), (10.6175, 14.7475, 1.2125), (10.6175, 14.7725, 1.0375), (10.6175, 14.7725, 1.2125), (10.6425, 14.7475, 1.0375), (10.6425, 14.7475, 1.2125), (10.6425, 14.7725, 1.0375), (10.6425, 14.7725, 1.2125), (10.6175, 15.5075, 1.0375), (10.6175, 15.5075, 1.2125), (10.6175, 15.5325, 1.0375), (10.6175, 15.5325, 1.2125), (10.6425, 15.5075, 1.0375), (10.6425, 15.5075, 1.2125), (10.6425, 15.5325, 1.0375), (10.6425, 15.5325, 1.2125), (9.8575, 15.5075, 1.0375), (9.8575, 15.5075, 1.2125), (9.8575, 15.5325, 1.0375), (9.8575, 15.5325, 1.2125), (9.8825, 15.5075, 1.0375), (9.8825, 15.5075, 1.2125), (9.8825, 15.5325, 1.0375), (9.8825, 15.5325, 1.2125)] (
                                    aecoDerived = true
                                )
                                color3f[] primvars:displayColor = [(0.08, 0.55, 0.34)] (
                                    aecoDerived = true
                                )
                                uniform token subdivisionScheme = "none" (
                                    aecoDerived = true
                                )
                            }

                            def Mesh "reader_datasheet" (
                                prepend apiSchemas = ["AecoDerivedGeometryAPI"]
                                customData = {
                                    bool aecoCompliancePresentation = 1
                                }
                            )
                            {
                                uniform token aeco:derived:approx = "bbox" (
                                    aecoDerived = true
                                )
                                uniform token aeco:derived:role = "symbol" (
                                    aecoDerived = true
                                )
                                string aeco:derived:source = "58c4272e-5e9d-559a-b3ab-f602af24d1fb" (
                                    aecoDerived = true
                                )
                                string aeco:derived:stamp = "aeco-compliance illustrative height envelope" (
                                    aecoDerived = true
                                )
                                uniform bool doubleSided = 1 (
                                    aecoDerived = true
                                )
                                int[] faceVertexCounts = [4, 4, 4, 4, 4, 4, 4, 4, 4, 4, 4, 4, 4, 4, 4, 4, 4, 4, 4, 4, 4, 4, 4, 4, 4, 4, 4, 4, 4, 4, 4, 4, 4, 4, 4, 4, 4, 4, 4, 4, 4, 4, 4, 4, 4, 4, 4, 4, 4, 4, 4, 4, 4, 4, 4, 4, 4, 4, 4, 4, 4, 4, 4, 4, 4, 4, 4, 4, 4, 4, 4, 4] (
                                    aecoDerived = true
                                )
                                int[] faceVertexIndices = [0, 1, 3, 2, 4, 6, 7, 5, 0, 4, 5, 1, 2, 3, 7, 6, 0, 2, 6, 4, 1, 5, 7, 3, 8, 9, 11, 10, 12, 14, 15, 13, 8, 12, 13, 9, 10, 11, 15, 14, 8, 10, 14, 12, 9, 13, 15, 11, 16, 17, 19, 18, 20, 22, 23, 21, 16, 20, 21, 17, 18, 19, 23, 22, 16, 18, 22, 20, 17, 21, 23, 19, 24, 25, 27, 26, 28, 30, 31, 29, 24, 28, 29, 25, 26, 27, 31, 30, 24, 26, 30, 28, 25, 29, 31, 27, 32, 33, 35, 34, 36, 38, 39, 37, 32, 36, 37, 33, 34, 35, 39, 38, 32, 34, 38, 36, 33, 37, 39, 35, 40, 41, 43, 42, 44, 46, 47, 45, 40, 44, 45, 41, 42, 43, 47, 46, 40, 42, 46, 44, 41, 45, 47, 43, 48, 49, 51, 50, 52, 54, 55, 53, 48, 52, 53, 49, 50, 51, 55, 54, 48, 50, 54, 52, 49, 53, 55, 51, 56, 57, 59, 58, 60, 62, 63, 61, 56, 60, 61, 57, 58, 59, 63, 62, 56, 58, 62, 60, 57, 61, 63, 59, 64, 65, 67, 66, 68, 70, 71, 69, 64, 68, 69, 65, 66, 67, 71, 70, 64, 66, 70, 68, 65, 69, 71, 67, 72, 73, 75, 74, 76, 78, 79, 77, 72, 76, 77, 73, 74, 75, 79, 78, 72, 74, 78, 76, 73, 77, 79, 75, 80, 81, 83, 82, 84, 86, 87, 85, 80, 84, 85, 81, 82, 83, 87, 86, 80, 82, 86, 84, 81, 85, 87, 83, 88, 89, 91, 90, 92, 94, 95, 93, 88, 92, 93, 89, 90, 91, 95, 94, 88, 90, 94, 92, 89, 93, 95, 91] (
                                    aecoDerived = true
                                )
                                point3f[] points = [(9.9775, 14.8675, 0.9875), (9.9775, 14.8675, 1.0125), (9.9775, 14.8925, 0.9875), (9.9775, 14.8925, 1.0125), (10.5225, 14.8675, 0.9875), (10.5225, 14.8675, 1.0125), (10.5225, 14.8925, 0.9875), (10.5225, 14.8925, 1.0125), (10.4975, 14.8675, 0.9875), (10.4975, 14.8675, 1.0125), (10.4975, 15.4125, 0.9875), (10.4975, 15.4125, 1.0125), (10.5225, 14.8675, 0.9875), (10.5225, 14.8675, 1.0125), (10.5225, 15.4125, 0.9875), (10.5225, 15.4125, 1.0125), (9.9775, 15.3875, 0.9875), (9.9775, 15.3875, 1.0125), (9.9775, 15.4125, 0.9875), (9.9775, 15.4125, 1.0125), (10.5225, 15.3875, 0.9875), (10.5225, 15.3875, 1.0125), (10.5225, 15.4125, 0.9875), (10.5225, 15.4125, 1.0125), (9.9775, 14.8675, 0.9875), (9.9775, 14.8675, 1.0125), (9.9775, 15.4125, 0.9875), (9.9775, 15.4125, 1.0125), (10.0025, 14.8675, 0.9875), (10.0025, 14.8675, 1.0125), (10.0025, 15.4125, 0.9875), (10.0025, 15.4125, 1.0125), (9.9775, 14.8675, 1.6875), (9.9775, 14.8675, 1.7125), (9.9775, 14.8925, 1.6875), (9.9775, 14.8925, 1.7125), (10.5225, 14.8675, 1.6875), (10.5225, 14.8675, 1.7125), (10.5225, 14.8925, 1.6875), (10.5225, 14.8925, 1.7125), (10.4975, 14.8675, 1.6875), (10.4975, 14.8675, 1.7125), (10.4975, 15.4125, 1.6875), (10.4975, 15.4125, 1.7125), (10.5225, 14.8675, 1.6875), (10.5225, 14.8675, 1.7125), (10.5225, 15.4125, 1.6875), (10.5225, 15.4125, 1.7125), (9.9775, 15.3875, 1.6875), (9.9775, 15.3875, 1.7125), (9.9775, 15.4125, 1.6875), (9.9775, 15.4125, 1.7125), (10.5225, 15.3875, 1.6875), (10.5225, 15.3875, 1.7125), (10.5225, 15.4125, 1.6875), (10.5225, 15.4125, 1.7125), (9.9775, 14.8675, 1.6875), (9.9775, 14.8675, 1.7125), (9.9775, 15.4125, 1.6875), (9.9775, 15.4125, 1.7125), (10.0025, 14.8675, 1.6875), (10.0025, 14.8675, 1.7125), (10.0025, 15.4125, 1.6875), (10.0025, 15.4125, 1.7125), (9.9775, 14.8675, 0.9875), (9.9775, 14.8675, 1.7125), (9.9775, 14.8925, 0.9875), (9.9775, 14.8925, 1.7125), (10.0025, 14.8675, 0.9875), (10.0025, 14.8675, 1.7125), (10.0025, 14.8925, 0.9875), (10.0025, 14.8925, 1.7125), (10.4975, 14.8675, 0.9875), (10.4975, 14.8675, 1.7125), (10.4975, 14.8925, 0.9875), (10.4975, 14.8925, 1.7125), (10.5225, 14.8675, 0.9875), (10.5225, 14.8675, 1.7125), (10.5225, 14.8925, 0.9875), (10.5225, 14.8925, 1.7125), (10.4975, 15.3875, 0.9875), (10.4975, 15.3875, 1.7125), (10.4975, 15.4125, 0.9875), (10.4975, 15.4125, 1.7125), (10.5225, 15.3875, 0.9875), (10.5225, 15.3875, 1.7125), (10.5225, 15.4125, 0.9875), (10.5225, 15.4125, 1.7125), (9.9775, 15.3875, 0.9875), (9.9775, 15.3875, 1.7125), (9.9775, 15.4125, 0.9875), (9.9775, 15.4125, 1.7125), (10.0025, 15.3875, 0.9875), (10.0025, 15.3875, 1.7125), (10.0025, 15.4125, 0.9875), (10.0025, 15.4125, 1.7125)] (
                                    aecoDerived = true
                                )
                                color3f[] primvars:displayColor = [(0.84, 0.52, 0.1)] (
                                    aecoDerived = true
                                )
                                uniform token subdivisionScheme = "none" (
                                    aecoDerived = true
                                )
                            }

                            def Mesh "Status" (
                                prepend apiSchemas = ["AecoDerivedGeometryAPI"]
                                customData = {
                                    bool aecoCompliancePresentation = 1
                                }
                            )
                            {
                                uniform token aeco:derived:approx = "bbox" (
                                    aecoDerived = true
                                )
                                uniform token aeco:derived:role = "symbol" (
                                    aecoDerived = true
                                )
                                string aeco:derived:source = "58c4272e-5e9d-559a-b3ab-f602af24d1fb" (
                                    aecoDerived = true
                                )
                                string aeco:derived:stamp = "aeco-compliance illustrative height envelope" (
                                    aecoDerived = true
                                )
                                uniform bool doubleSided = 1 (
                                    aecoDerived = true
                                )
                                int[] faceVertexCounts = [4, 4, 4, 4, 4, 4, 4, 4, 4, 4, 4, 4, 4, 4, 4, 4, 4, 4] (
                                    aecoDerived = true
                                )
                                int[] faceVertexIndices = [0, 1, 3, 2, 4, 6, 7, 5, 0, 4, 5, 1, 2, 3, 7, 6, 0, 2, 6, 4, 1, 5, 7, 3, 8, 9, 11, 10, 12, 14, 15, 13, 8, 12, 13, 9, 10, 11, 15, 14, 8, 10, 14, 12, 9, 13, 15, 11, 16, 17, 19, 18, 20, 22, 23, 21, 16, 20, 21, 17, 18, 19, 23, 22, 16, 18, 22, 20, 17, 21, 23, 19] (
                                    aecoDerived = true
                                )
                                point3f[] points = [(10.025, 15.095, 1.155), (10.025, 15.095, 1.245), (10.025, 15.185, 1.155), (10.025, 15.185, 1.245), (10.475, 15.095, 1.155), (10.475, 15.095, 1.245), (10.475, 15.185, 1.155), (10.475, 15.185, 1.245), (10.205, 14.915, 1.155), (10.205, 14.915, 1.245), (10.205, 15.365, 1.155), (10.205, 15.365, 1.245), (10.295, 14.915, 1.155), (10.295, 14.915, 1.245), (10.295, 15.365, 1.155), (10.295, 15.365, 1.245), (10.205, 15.095, 0.975), (10.205, 15.095, 1.425), (10.205, 15.185, 0.975), (10.205, 15.185, 1.425), (10.295, 15.095, 0.975), (10.295, 15.095, 1.425), (10.295, 15.185, 0.975), (10.295, 15.185, 1.425)] (
                                    aecoDerived = true
                                )
                                color3f[] primvars:displayColor = [(0.08, 0.55, 0.34)] (
                                    aecoDerived = true
                                )
                                uniform token subdivisionScheme = "none" (
                                    aecoDerived = true
                                )
                            }
                        }
                    }

                    def "Iris_Scanner_door_elec_b"
                    {
                        over "Geom"
                        {
                            color3f[] primvars:displayColor = [(0.08, 0.55, 0.34)] (
                                aecoDerived = true
                            )
                        }

                        def Xform "ComplianceEnvelope" (
                            customData = {
                                bool aecoCompliancePresentation = 1
                            }
                        )
                        {
                            uniform token[] xformOpOrder = ["!resetXformStack!"]

                            def Mesh "accessibility" (
                                prepend apiSchemas = ["AecoDerivedGeometryAPI"]
                                customData = {
                                    bool aecoCompliancePresentation = 1
                                }
                            )
                            {
                                uniform token aeco:derived:approx = "bbox" (
                                    aecoDerived = true
                                )
                                uniform token aeco:derived:role = "symbol" (
                                    aecoDerived = true
                                )
                                string aeco:derived:source = "16acdf41-334b-5bd5-a3da-6dda44f2a7d7" (
                                    aecoDerived = true
                                )
                                string aeco:derived:stamp = "aeco-compliance illustrative height envelope" (
                                    aecoDerived = true
                                )
                                uniform bool doubleSided = 1 (
                                    aecoDerived = true
                                )
                                int[] faceVertexCounts = [4, 4, 4, 4, 4, 4, 4, 4, 4, 4, 4, 4, 4, 4, 4, 4, 4, 4, 4, 4, 4, 4, 4, 4, 4, 4, 4, 4, 4, 4, 4, 4, 4, 4, 4, 4, 4, 4, 4, 4, 4, 4, 4, 4, 4, 4, 4, 4, 4, 4, 4, 4, 4, 4, 4, 4, 4, 4, 4, 4, 4, 4, 4, 4, 4, 4, 4, 4, 4, 4, 4, 4] (
                                    aecoDerived = true
                                )
                                int[] faceVertexIndices = [0, 1, 3, 2, 4, 6, 7, 5, 0, 4, 5, 1, 2, 3, 7, 6, 0, 2, 6, 4, 1, 5, 7, 3, 8, 9, 11, 10, 12, 14, 15, 13, 8, 12, 13, 9, 10, 11, 15, 14, 8, 10, 14, 12, 9, 13, 15, 11, 16, 17, 19, 18, 20, 22, 23, 21, 16, 20, 21, 17, 18, 19, 23, 22, 16, 18, 22, 20, 17, 21, 23, 19, 24, 25, 27, 26, 28, 30, 31, 29, 24, 28, 29, 25, 26, 27, 31, 30, 24, 26, 30, 28, 25, 29, 31, 27, 32, 33, 35, 34, 36, 38, 39, 37, 32, 36, 37, 33, 34, 35, 39, 38, 32, 34, 38, 36, 33, 37, 39, 35, 40, 41, 43, 42, 44, 46, 47, 45, 40, 44, 45, 41, 42, 43, 47, 46, 40, 42, 46, 44, 41, 45, 47, 43, 48, 49, 51, 50, 52, 54, 55, 53, 48, 52, 53, 49, 50, 51, 55, 54, 48, 50, 54, 52, 49, 53, 55, 51, 56, 57, 59, 58, 60, 62, 63, 61, 56, 60, 61, 57, 58, 59, 63, 62, 56, 58, 62, 60, 57, 61, 63, 59, 64, 65, 67, 66, 68, 70, 71, 69, 64, 68, 69, 65, 66, 67, 71, 70, 64, 66, 70, 68, 65, 69, 71, 67, 72, 73, 75, 74, 76, 78, 79, 77, 72, 76, 77, 73, 74, 75, 79, 78, 72, 74, 78, 76, 73, 77, 79, 75, 80, 81, 83, 82, 84, 86, 87, 85, 80, 84, 85, 81, 82, 83, 87, 86, 80, 82, 86, 84, 81, 85, 87, 83, 88, 89, 91, 90, 92, 94, 95, 93, 88, 92, 93, 89, 90, 91, 95, 94, 88, 90, 94, 92, 89, 93, 95, 91] (
                                    aecoDerived = true
                                )
                                point3f[] points = [(69.7375, 14.6275, 0.8875), (69.7375, 14.6275, 0.9125), (69.7375, 14.6525, 0.8875), (69.7375, 14.6525, 0.9125), (70.7625, 14.6275, 0.8875), (70.7625, 14.6275, 0.9125), (70.7625, 14.6525, 0.8875), (70.7625, 14.6525, 0.9125), (70.7375, 14.6275, 0.8875), (70.7375, 14.6275, 0.9125), (70.7375, 15.6525, 0.8875), (70.7375, 15.6525, 0.9125), (70.7625, 14.6275, 0.8875), (70.7625, 14.6275, 0.9125), (70.7625, 15.6525, 0.8875), (70.7625, 15.6525, 0.9125), (69.7375, 15.6275, 0.8875), (69.7375, 15.6275, 0.9125), (69.7375, 15.6525, 0.8875), (69.7375, 15.6525, 0.9125), (70.7625, 15.6275, 0.8875), (70.7625, 15.6275, 0.9125), (70.7625, 15.6525, 0.8875), (70.7625, 15.6525, 0.9125), (69.7375, 14.6275, 0.8875), (69.7375, 14.6275, 0.9125), (69.7375, 15.6525, 0.8875), (69.7375, 15.6525, 0.9125), (69.7625, 14.6275, 0.8875), (69.7625, 14.6275, 0.9125), (69.7625, 15.6525, 0.8875), (69.7625, 15.6525, 0.9125), (69.7375, 14.6275, 1.1875), (69.7375, 14.6275, 1.2125), (69.7375, 14.6525, 1.1875), (69.7375, 14.6525, 1.2125), (70.7625, 14.6275, 1.1875), (70.7625, 14.6275, 1.2125), (70.7625, 14.6525, 1.1875), (70.7625, 14.6525, 1.2125), (70.7375, 14.6275, 1.1875), (70.7375, 14.6275, 1.2125), (70.7375, 15.6525, 1.1875), (70.7375, 15.6525, 1.2125), (70.7625, 14.6275, 1.1875), (70.7625, 14.6275, 1.2125), (70.7625, 15.6525, 1.1875), (70.7625, 15.6525, 1.2125), (69.7375, 15.6275, 1.1875), (69.7375, 15.6275, 1.2125), (69.7375, 15.6525, 1.1875), (69.7375, 15.6525, 1.2125), (70.7625, 15.6275, 1.1875), (70.7625, 15.6275, 1.2125), (70.7625, 15.6525, 1.1875), (70.7625, 15.6525, 1.2125), (69.7375, 14.6275, 1.1875), (69.7375, 14.6275, 1.2125), (69.7375, 15.6525, 1.1875), (69.7375, 15.6525, 1.2125), (69.7625, 14.6275, 1.1875), (69.7625, 14.6275, 1.2125), (69.7625, 15.6525, 1.1875), (69.7625, 15.6525, 1.2125), (69.7375, 14.6275, 0.8875), (69.7375, 14.6275, 1.2125), (69.7375, 14.6525, 0.8875), (69.7375, 14.6525, 1.2125), (69.7625, 14.6275, 0.8875), (69.7625, 14.6275, 1.2125), (69.7625, 14.6525, 0.8875), (69.7625, 14.6525, 1.2125), (70.7375, 14.6275, 0.8875), (70.7375, 14.6275, 1.2125), (70.7375, 14.6525, 0.8875), (70.7375, 14.6525, 1.2125), (70.7625, 14.6275, 0.8875), (70.7625, 14.6275, 1.2125), (70.7625, 14.6525, 0.8875), (70.7625, 14.6525, 1.2125), (70.7375, 15.6275, 0.8875), (70.7375, 15.6275, 1.2125), (70.7375, 15.6525, 0.8875), (70.7375, 15.6525, 1.2125), (70.7625, 15.6275, 0.8875), (70.7625, 15.6275, 1.2125), (70.7625, 15.6525, 0.8875), (70.7625, 15.6525, 1.2125), (69.7375, 15.6275, 0.8875), (69.7375, 15.6275, 1.2125), (69.7375, 15.6525, 0.8875), (69.7375, 15.6525, 1.2125), (69.7625, 15.6275, 0.8875), (69.7625, 15.6275, 1.2125), (69.7625, 15.6525, 0.8875), (69.7625, 15.6525, 1.2125)] (
                                    aecoDerived = true
                                )
                                color3f[] primvars:displayColor = [(0.17, 0.44, 0.76)] (
                                    aecoDerived = true
                                )
                                uniform token subdivisionScheme = "none" (
                                    aecoDerived = true
                                )
                            }

                            def Mesh "employer_security" (
                                prepend apiSchemas = ["AecoDerivedGeometryAPI"]
                                customData = {
                                    bool aecoCompliancePresentation = 1
                                }
                            )
                            {
                                uniform token aeco:derived:approx = "bbox" (
                                    aecoDerived = true
                                )
                                uniform token aeco:derived:role = "symbol" (
                                    aecoDerived = true
                                )
                                string aeco:derived:source = "16acdf41-334b-5bd5-a3da-6dda44f2a7d7" (
                                    aecoDerived = true
                                )
                                string aeco:derived:stamp = "aeco-compliance illustrative height envelope" (
                                    aecoDerived = true
                                )
                                uniform bool doubleSided = 1 (
                                    aecoDerived = true
                                )
                                int[] faceVertexCounts = [4, 4, 4, 4, 4, 4, 4, 4, 4, 4, 4, 4, 4, 4, 4, 4, 4, 4, 4, 4, 4, 4, 4, 4, 4, 4, 4, 4, 4, 4, 4, 4, 4, 4, 4, 4, 4, 4, 4, 4, 4, 4, 4, 4, 4, 4, 4, 4, 4, 4, 4, 4, 4, 4, 4, 4, 4, 4, 4, 4, 4, 4, 4, 4, 4, 4, 4, 4, 4, 4, 4, 4] (
                                    aecoDerived = true
                                )
                                int[] faceVertexIndices = [0, 1, 3, 2, 4, 6, 7, 5, 0, 4, 5, 1, 2, 3, 7, 6, 0, 2, 6, 4, 1, 5, 7, 3, 8, 9, 11, 10, 12, 14, 15, 13, 8, 12, 13, 9, 10, 11, 15, 14, 8, 10, 14, 12, 9, 13, 15, 11, 16, 17, 19, 18, 20, 22, 23, 21, 16, 20, 21, 17, 18, 19, 23, 22, 16, 18, 22, 20, 17, 21, 23, 19, 24, 25, 27, 26, 28, 30, 31, 29, 24, 28, 29, 25, 26, 27, 31, 30, 24, 26, 30, 28, 25, 29, 31, 27, 32, 33, 35, 34, 36, 38, 39, 37, 32, 36, 37, 33, 34, 35, 39, 38, 32, 34, 38, 36, 33, 37, 39, 35, 40, 41, 43, 42, 44, 46, 47, 45, 40, 44, 45, 41, 42, 43, 47, 46, 40, 42, 46, 44, 41, 45, 47, 43, 48, 49, 51, 50, 52, 54, 55, 53, 48, 52, 53, 49, 50, 51, 55, 54, 48, 50, 54, 52, 49, 53, 55, 51, 56, 57, 59, 58, 60, 62, 63, 61, 56, 60, 61, 57, 58, 59, 63, 62, 56, 58, 62, 60, 57, 61, 63, 59, 64, 65, 67, 66, 68, 70, 71, 69, 64, 68, 69, 65, 66, 67, 71, 70, 64, 66, 70, 68, 65, 69, 71, 67, 72, 73, 75, 74, 76, 78, 79, 77, 72, 76, 77, 73, 74, 75, 79, 78, 72, 74, 78, 76, 73, 77, 79, 75, 80, 81, 83, 82, 84, 86, 87, 85, 80, 84, 85, 81, 82, 83, 87, 86, 80, 82, 86, 84, 81, 85, 87, 83, 88, 89, 91, 90, 92, 94, 95, 93, 88, 92, 93, 89, 90, 91, 95, 94, 88, 90, 94, 92, 89, 93, 95, 91] (
                                    aecoDerived = true
                                )
                                point3f[] points = [(69.8575, 14.7475, 1.0375), (69.8575, 14.7475, 1.0625), (69.8575, 14.7725, 1.0375), (69.8575, 14.7725, 1.0625), (70.6425, 14.7475, 1.0375), (70.6425, 14.7475, 1.0625), (70.6425, 14.7725, 1.0375), (70.6425, 14.7725, 1.0625), (70.6175, 14.7475, 1.0375), (70.6175, 14.7475, 1.0625), (70.6175, 15.5325, 1.0375), (70.6175, 15.5325, 1.0625), (70.6425, 14.7475, 1.0375), (70.6425, 14.7475, 1.0625), (70.6425, 15.5325, 1.0375), (70.6425, 15.5325, 1.0625), (69.8575, 15.5075, 1.0375), (69.8575, 15.5075, 1.0625), (69.8575, 15.5325, 1.0375), (69.8575, 15.5325, 1.0625), (70.6425, 15.5075, 1.0375), (70.6425, 15.5075, 1.0625), (70.6425, 15.5325, 1.0375), (70.6425, 15.5325, 1.0625), (69.8575, 14.7475, 1.0375), (69.8575, 14.7475, 1.0625), (69.8575, 15.5325, 1.0375), (69.8575, 15.5325, 1.0625), (69.8825, 14.7475, 1.0375), (69.8825, 14.7475, 1.0625), (69.8825, 15.5325, 1.0375), (69.8825, 15.5325, 1.0625), (69.8575, 14.7475, 1.1875), (69.8575, 14.7475, 1.2125), (69.8575, 14.7725, 1.1875), (69.8575, 14.7725, 1.2125), (70.6425, 14.7475, 1.1875), (70.6425, 14.7475, 1.2125), (70.6425, 14.7725, 1.1875), (70.6425, 14.7725, 1.2125), (70.6175, 14.7475, 1.1875), (70.6175, 14.7475, 1.2125), (70.6175, 15.5325, 1.1875), (70.6175, 15.5325, 1.2125), (70.6425, 14.7475, 1.1875), (70.6425, 14.7475, 1.2125), (70.6425, 15.5325, 1.1875), (70.6425, 15.5325, 1.2125), (69.8575, 15.5075, 1.1875), (69.8575, 15.5075, 1.2125), (69.8575, 15.5325, 1.1875), (69.8575, 15.5325, 1.2125), (70.6425, 15.5075, 1.1875), (70.6425, 15.5075, 1.2125), (70.6425, 15.5325, 1.1875), (70.6425, 15.5325, 1.2125), (69.8575, 14.7475, 1.1875), (69.8575, 14.7475, 1.2125), (69.8575, 15.5325, 1.1875), (69.8575, 15.5325, 1.2125), (69.8825, 14.7475, 1.1875), (69.8825, 14.7475, 1.2125), (69.8825, 15.5325, 1.1875), (69.8825, 15.5325, 1.2125), (69.8575, 14.7475, 1.0375), (69.8575, 14.7475, 1.2125), (69.8575, 14.7725, 1.0375), (69.8575, 14.7725, 1.2125), (69.8825, 14.7475, 1.0375), (69.8825, 14.7475, 1.2125), (69.8825, 14.7725, 1.0375), (69.8825, 14.7725, 1.2125), (70.6175, 14.7475, 1.0375), (70.6175, 14.7475, 1.2125), (70.6175, 14.7725, 1.0375), (70.6175, 14.7725, 1.2125), (70.6425, 14.7475, 1.0375), (70.6425, 14.7475, 1.2125), (70.6425, 14.7725, 1.0375), (70.6425, 14.7725, 1.2125), (70.6175, 15.5075, 1.0375), (70.6175, 15.5075, 1.2125), (70.6175, 15.5325, 1.0375), (70.6175, 15.5325, 1.2125), (70.6425, 15.5075, 1.0375), (70.6425, 15.5075, 1.2125), (70.6425, 15.5325, 1.0375), (70.6425, 15.5325, 1.2125), (69.8575, 15.5075, 1.0375), (69.8575, 15.5075, 1.2125), (69.8575, 15.5325, 1.0375), (69.8575, 15.5325, 1.2125), (69.8825, 15.5075, 1.0375), (69.8825, 15.5075, 1.2125), (69.8825, 15.5325, 1.0375), (69.8825, 15.5325, 1.2125)] (
                                    aecoDerived = true
                                )
                                color3f[] primvars:displayColor = [(0.08, 0.55, 0.34)] (
                                    aecoDerived = true
                                )
                                uniform token subdivisionScheme = "none" (
                                    aecoDerived = true
                                )
                            }

                            def Mesh "reader_datasheet" (
                                prepend apiSchemas = ["AecoDerivedGeometryAPI"]
                                customData = {
                                    bool aecoCompliancePresentation = 1
                                }
                            )
                            {
                                uniform token aeco:derived:approx = "bbox" (
                                    aecoDerived = true
                                )
                                uniform token aeco:derived:role = "symbol" (
                                    aecoDerived = true
                                )
                                string aeco:derived:source = "16acdf41-334b-5bd5-a3da-6dda44f2a7d7" (
                                    aecoDerived = true
                                )
                                string aeco:derived:stamp = "aeco-compliance illustrative height envelope" (
                                    aecoDerived = true
                                )
                                uniform bool doubleSided = 1 (
                                    aecoDerived = true
                                )
                                int[] faceVertexCounts = [4, 4, 4, 4, 4, 4, 4, 4, 4, 4, 4, 4, 4, 4, 4, 4, 4, 4, 4, 4, 4, 4, 4, 4, 4, 4, 4, 4, 4, 4, 4, 4, 4, 4, 4, 4, 4, 4, 4, 4, 4, 4, 4, 4, 4, 4, 4, 4, 4, 4, 4, 4, 4, 4, 4, 4, 4, 4, 4, 4, 4, 4, 4, 4, 4, 4, 4, 4, 4, 4, 4, 4] (
                                    aecoDerived = true
                                )
                                int[] faceVertexIndices = [0, 1, 3, 2, 4, 6, 7, 5, 0, 4, 5, 1, 2, 3, 7, 6, 0, 2, 6, 4, 1, 5, 7, 3, 8, 9, 11, 10, 12, 14, 15, 13, 8, 12, 13, 9, 10, 11, 15, 14, 8, 10, 14, 12, 9, 13, 15, 11, 16, 17, 19, 18, 20, 22, 23, 21, 16, 20, 21, 17, 18, 19, 23, 22, 16, 18, 22, 20, 17, 21, 23, 19, 24, 25, 27, 26, 28, 30, 31, 29, 24, 28, 29, 25, 26, 27, 31, 30, 24, 26, 30, 28, 25, 29, 31, 27, 32, 33, 35, 34, 36, 38, 39, 37, 32, 36, 37, 33, 34, 35, 39, 38, 32, 34, 38, 36, 33, 37, 39, 35, 40, 41, 43, 42, 44, 46, 47, 45, 40, 44, 45, 41, 42, 43, 47, 46, 40, 42, 46, 44, 41, 45, 47, 43, 48, 49, 51, 50, 52, 54, 55, 53, 48, 52, 53, 49, 50, 51, 55, 54, 48, 50, 54, 52, 49, 53, 55, 51, 56, 57, 59, 58, 60, 62, 63, 61, 56, 60, 61, 57, 58, 59, 63, 62, 56, 58, 62, 60, 57, 61, 63, 59, 64, 65, 67, 66, 68, 70, 71, 69, 64, 68, 69, 65, 66, 67, 71, 70, 64, 66, 70, 68, 65, 69, 71, 67, 72, 73, 75, 74, 76, 78, 79, 77, 72, 76, 77, 73, 74, 75, 79, 78, 72, 74, 78, 76, 73, 77, 79, 75, 80, 81, 83, 82, 84, 86, 87, 85, 80, 84, 85, 81, 82, 83, 87, 86, 80, 82, 86, 84, 81, 85, 87, 83, 88, 89, 91, 90, 92, 94, 95, 93, 88, 92, 93, 89, 90, 91, 95, 94, 88, 90, 94, 92, 89, 93, 95, 91] (
                                    aecoDerived = true
                                )
                                point3f[] points = [(69.9775, 14.8675, 0.9875), (69.9775, 14.8675, 1.0125), (69.9775, 14.8925, 0.9875), (69.9775, 14.8925, 1.0125), (70.5225, 14.8675, 0.9875), (70.5225, 14.8675, 1.0125), (70.5225, 14.8925, 0.9875), (70.5225, 14.8925, 1.0125), (70.4975, 14.8675, 0.9875), (70.4975, 14.8675, 1.0125), (70.4975, 15.4125, 0.9875), (70.4975, 15.4125, 1.0125), (70.5225, 14.8675, 0.9875), (70.5225, 14.8675, 1.0125), (70.5225, 15.4125, 0.9875), (70.5225, 15.4125, 1.0125), (69.9775, 15.3875, 0.9875), (69.9775, 15.3875, 1.0125), (69.9775, 15.4125, 0.9875), (69.9775, 15.4125, 1.0125), (70.5225, 15.3875, 0.9875), (70.5225, 15.3875, 1.0125), (70.5225, 15.4125, 0.9875), (70.5225, 15.4125, 1.0125), (69.9775, 14.8675, 0.9875), (69.9775, 14.8675, 1.0125), (69.9775, 15.4125, 0.9875), (69.9775, 15.4125, 1.0125), (70.0025, 14.8675, 0.9875), (70.0025, 14.8675, 1.0125), (70.0025, 15.4125, 0.9875), (70.0025, 15.4125, 1.0125), (69.9775, 14.8675, 1.6875), (69.9775, 14.8675, 1.7125), (69.9775, 14.8925, 1.6875), (69.9775, 14.8925, 1.7125), (70.5225, 14.8675, 1.6875), (70.5225, 14.8675, 1.7125), (70.5225, 14.8925, 1.6875), (70.5225, 14.8925, 1.7125), (70.4975, 14.8675, 1.6875), (70.4975, 14.8675, 1.7125), (70.4975, 15.4125, 1.6875), (70.4975, 15.4125, 1.7125), (70.5225, 14.8675, 1.6875), (70.5225, 14.8675, 1.7125), (70.5225, 15.4125, 1.6875), (70.5225, 15.4125, 1.7125), (69.9775, 15.3875, 1.6875), (69.9775, 15.3875, 1.7125), (69.9775, 15.4125, 1.6875), (69.9775, 15.4125, 1.7125), (70.5225, 15.3875, 1.6875), (70.5225, 15.3875, 1.7125), (70.5225, 15.4125, 1.6875), (70.5225, 15.4125, 1.7125), (69.9775, 14.8675, 1.6875), (69.9775, 14.8675, 1.7125), (69.9775, 15.4125, 1.6875), (69.9775, 15.4125, 1.7125), (70.0025, 14.8675, 1.6875), (70.0025, 14.8675, 1.7125), (70.0025, 15.4125, 1.6875), (70.0025, 15.4125, 1.7125), (69.9775, 14.8675, 0.9875), (69.9775, 14.8675, 1.7125), (69.9775, 14.8925, 0.9875), (69.9775, 14.8925, 1.7125), (70.0025, 14.8675, 0.9875), (70.0025, 14.8675, 1.7125), (70.0025, 14.8925, 0.9875), (70.0025, 14.8925, 1.7125), (70.4975, 14.8675, 0.9875), (70.4975, 14.8675, 1.7125), (70.4975, 14.8925, 0.9875), (70.4975, 14.8925, 1.7125), (70.5225, 14.8675, 0.9875), (70.5225, 14.8675, 1.7125), (70.5225, 14.8925, 0.9875), (70.5225, 14.8925, 1.7125), (70.4975, 15.3875, 0.9875), (70.4975, 15.3875, 1.7125), (70.4975, 15.4125, 0.9875), (70.4975, 15.4125, 1.7125), (70.5225, 15.3875, 0.9875), (70.5225, 15.3875, 1.7125), (70.5225, 15.4125, 0.9875), (70.5225, 15.4125, 1.7125), (69.9775, 15.3875, 0.9875), (69.9775, 15.3875, 1.7125), (69.9775, 15.4125, 0.9875), (69.9775, 15.4125, 1.7125), (70.0025, 15.3875, 0.9875), (70.0025, 15.3875, 1.7125), (70.0025, 15.4125, 0.9875), (70.0025, 15.4125, 1.7125)] (
                                    aecoDerived = true
                                )
                                color3f[] primvars:displayColor = [(0.84, 0.52, 0.1)] (
                                    aecoDerived = true
                                )
                                uniform token subdivisionScheme = "none" (
                                    aecoDerived = true
                                )
                            }

                            def Mesh "Status" (
                                prepend apiSchemas = ["AecoDerivedGeometryAPI"]
                                customData = {
                                    bool aecoCompliancePresentation = 1
                                }
                            )
                            {
                                uniform token aeco:derived:approx = "bbox" (
                                    aecoDerived = true
                                )
                                uniform token aeco:derived:role = "symbol" (
                                    aecoDerived = true
                                )
                                string aeco:derived:source = "16acdf41-334b-5bd5-a3da-6dda44f2a7d7" (
                                    aecoDerived = true
                                )
                                string aeco:derived:stamp = "aeco-compliance illustrative height envelope" (
                                    aecoDerived = true
                                )
                                uniform bool doubleSided = 1 (
                                    aecoDerived = true
                                )
                                int[] faceVertexCounts = [4, 4, 4, 4, 4, 4, 4, 4, 4, 4, 4, 4, 4, 4, 4, 4, 4, 4] (
                                    aecoDerived = true
                                )
                                int[] faceVertexIndices = [0, 1, 3, 2, 4, 6, 7, 5, 0, 4, 5, 1, 2, 3, 7, 6, 0, 2, 6, 4, 1, 5, 7, 3, 8, 9, 11, 10, 12, 14, 15, 13, 8, 12, 13, 9, 10, 11, 15, 14, 8, 10, 14, 12, 9, 13, 15, 11, 16, 17, 19, 18, 20, 22, 23, 21, 16, 20, 21, 17, 18, 19, 23, 22, 16, 18, 22, 20, 17, 21, 23, 19] (
                                    aecoDerived = true
                                )
                                point3f[] points = [(70.025, 15.095, 1.155), (70.025, 15.095, 1.245), (70.025, 15.185, 1.155), (70.025, 15.185, 1.245), (70.475, 15.095, 1.155), (70.475, 15.095, 1.245), (70.475, 15.185, 1.155), (70.475, 15.185, 1.245), (70.205, 14.915, 1.155), (70.205, 14.915, 1.245), (70.205, 15.365, 1.155), (70.205, 15.365, 1.245), (70.295, 14.915, 1.155), (70.295, 14.915, 1.245), (70.295, 15.365, 1.155), (70.295, 15.365, 1.245), (70.205, 15.095, 0.975), (70.205, 15.095, 1.425), (70.205, 15.185, 0.975), (70.205, 15.185, 1.425), (70.295, 15.095, 0.975), (70.295, 15.095, 1.425), (70.295, 15.185, 0.975), (70.295, 15.185, 1.425)] (
                                    aecoDerived = true
                                )
                                color3f[] primvars:displayColor = [(0.08, 0.55, 0.34)] (
                                    aecoDerived = true
                                )
                                uniform token subdivisionScheme = "none" (
                                    aecoDerived = true
                                )
                            }
                        }
                    }

                    def "Iris_Scanner_door_hall_a_s"
                    {
                        over "Geom"
                        {
                            color3f[] primvars:displayColor = [(0.08, 0.55, 0.34)] (
                                aecoDerived = true
                            )
                        }

                        def Xform "ComplianceEnvelope" (
                            customData = {
                                bool aecoCompliancePresentation = 1
                            }
                        )
                        {
                            uniform token[] xformOpOrder = ["!resetXformStack!"]

                            def Mesh "accessibility" (
                                prepend apiSchemas = ["AecoDerivedGeometryAPI"]
                                customData = {
                                    bool aecoCompliancePresentation = 1
                                }
                            )
                            {
                                uniform token aeco:derived:approx = "bbox" (
                                    aecoDerived = true
                                )
                                uniform token aeco:derived:role = "symbol" (
                                    aecoDerived = true
                                )
                                string aeco:derived:source = "d714f2dd-af6c-5604-8957-7c837bd54bdb" (
                                    aecoDerived = true
                                )
                                string aeco:derived:stamp = "aeco-compliance illustrative height envelope" (
                                    aecoDerived = true
                                )
                                uniform bool doubleSided = 1 (
                                    aecoDerived = true
                                )
                                int[] faceVertexCounts = [4, 4, 4, 4, 4, 4, 4, 4, 4, 4, 4, 4, 4, 4, 4, 4, 4, 4, 4, 4, 4, 4, 4, 4, 4, 4, 4, 4, 4, 4, 4, 4, 4, 4, 4, 4, 4, 4, 4, 4, 4, 4, 4, 4, 4, 4, 4, 4, 4, 4, 4, 4, 4, 4, 4, 4, 4, 4, 4, 4, 4, 4, 4, 4, 4, 4, 4, 4, 4, 4, 4, 4] (
                                    aecoDerived = true
                                )
                                int[] faceVertexIndices = [0, 1, 3, 2, 4, 6, 7, 5, 0, 4, 5, 1, 2, 3, 7, 6, 0, 2, 6, 4, 1, 5, 7, 3, 8, 9, 11, 10, 12, 14, 15, 13, 8, 12, 13, 9, 10, 11, 15, 14, 8, 10, 14, 12, 9, 13, 15, 11, 16, 17, 19, 18, 20, 22, 23, 21, 16, 20, 21, 17, 18, 19, 23, 22, 16, 18, 22, 20, 17, 21, 23, 19, 24, 25, 27, 26, 28, 30, 31, 29, 24, 28, 29, 25, 26, 27, 31, 30, 24, 26, 30, 28, 25, 29, 31, 27, 32, 33, 35, 34, 36, 38, 39, 37, 32, 36, 37, 33, 34, 35, 39, 38, 32, 34, 38, 36, 33, 37, 39, 35, 40, 41, 43, 42, 44, 46, 47, 45, 40, 44, 45, 41, 42, 43, 47, 46, 40, 42, 46, 44, 41, 45, 47, 43, 48, 49, 51, 50, 52, 54, 55, 53, 48, 52, 53, 49, 50, 51, 55, 54, 48, 50, 54, 52, 49, 53, 55, 51, 56, 57, 59, 58, 60, 62, 63, 61, 56, 60, 61, 57, 58, 59, 63, 62, 56, 58, 62, 60, 57, 61, 63, 59, 64, 65, 67, 66, 68, 70, 71, 69, 64, 68, 69, 65, 66, 67, 71, 70, 64, 66, 70, 68, 65, 69, 71, 67, 72, 73, 75, 74, 76, 78, 79, 77, 72, 76, 77, 73, 74, 75, 79, 78, 72, 74, 78, 76, 73, 77, 79, 75, 80, 81, 83, 82, 84, 86, 87, 85, 80, 84, 85, 81, 82, 83, 87, 86, 80, 82, 86, 84, 81, 85, 87, 83, 88, 89, 91, 90, 92, 94, 95, 93, 88, 92, 93, 89, 90, 91, 95, 94, 88, 90, 94, 92, 89, 93, 95, 91] (
                                    aecoDerived = true
                                )
                                point3f[] points = [(8.7375, 17.3475, 0.8875), (8.7375, 17.3475, 0.9125), (8.7375, 17.3725, 0.8875), (8.7375, 17.3725, 0.9125), (9.7625, 17.3475, 0.8875), (9.7625, 17.3475, 0.9125), (9.7625, 17.3725, 0.8875), (9.7625, 17.3725, 0.9125), (9.7375, 17.3475, 0.8875), (9.7375, 17.3475, 0.9125), (9.7375, 18.3725, 0.8875), (9.7375, 18.3725, 0.9125), (9.7625, 17.3475, 0.8875), (9.7625, 17.3475, 0.9125), (9.7625, 18.3725, 0.8875), (9.7625, 18.3725, 0.9125), (8.7375, 18.3475, 0.8875), (8.7375, 18.3475, 0.9125), (8.7375, 18.3725, 0.8875), (8.7375, 18.3725, 0.9125), (9.7625, 18.3475, 0.8875), (9.7625, 18.3475, 0.9125), (9.7625, 18.3725, 0.8875), (9.7625, 18.3725, 0.9125), (8.7375, 17.3475, 0.8875), (8.7375, 17.3475, 0.9125), (8.7375, 18.3725, 0.8875), (8.7375, 18.3725, 0.9125), (8.7625, 17.3475, 0.8875), (8.7625, 17.3475, 0.9125), (8.7625, 18.3725, 0.8875), (8.7625, 18.3725, 0.9125), (8.7375, 17.3475, 1.1875), (8.7375, 17.3475, 1.2125), (8.7375, 17.3725, 1.1875), (8.7375, 17.3725, 1.2125), (9.7625, 17.3475, 1.1875), (9.7625, 17.3475, 1.2125), (9.7625, 17.3725, 1.1875), (9.7625, 17.3725, 1.2125), (9.7375, 17.3475, 1.1875), (9.7375, 17.3475, 1.2125), (9.7375, 18.3725, 1.1875), (9.7375, 18.3725, 1.2125), (9.7625, 17.3475, 1.1875), (9.7625, 17.3475, 1.2125), (9.7625, 18.3725, 1.1875), (9.7625, 18.3725, 1.2125), (8.7375, 18.3475, 1.1875), (8.7375, 18.3475, 1.2125), (8.7375, 18.3725, 1.1875), (8.7375, 18.3725, 1.2125), (9.7625, 18.3475, 1.1875), (9.7625, 18.3475, 1.2125), (9.7625, 18.3725, 1.1875), (9.7625, 18.3725, 1.2125), (8.7375, 17.3475, 1.1875), (8.7375, 17.3475, 1.2125), (8.7375, 18.3725, 1.1875), (8.7375, 18.3725, 1.2125), (8.7625, 17.3475, 1.1875), (8.7625, 17.3475, 1.2125), (8.7625, 18.3725, 1.1875), (8.7625, 18.3725, 1.2125), (8.7375, 17.3475, 0.8875), (8.7375, 17.3475, 1.2125), (8.7375, 17.3725, 0.8875), (8.7375, 17.3725, 1.2125), (8.7625, 17.3475, 0.8875), (8.7625, 17.3475, 1.2125), (8.7625, 17.3725, 0.8875), (8.7625, 17.3725, 1.2125), (9.7375, 17.3475, 0.8875), (9.7375, 17.3475, 1.2125), (9.7375, 17.3725, 0.8875), (9.7375, 17.3725, 1.2125), (9.7625, 17.3475, 0.8875), (9.7625, 17.3475, 1.2125), (9.7625, 17.3725, 0.8875), (9.7625, 17.3725, 1.2125), (9.7375, 18.3475, 0.8875), (9.7375, 18.3475, 1.2125), (9.7375, 18.3725, 0.8875), (9.7375, 18.3725, 1.2125), (9.7625, 18.3475, 0.8875), (9.7625, 18.3475, 1.2125), (9.7625, 18.3725, 0.8875), (9.7625, 18.3725, 1.2125), (8.7375, 18.3475, 0.8875), (8.7375, 18.3475, 1.2125), (8.7375, 18.3725, 0.8875), (8.7375, 18.3725, 1.2125), (8.7625, 18.3475, 0.8875), (8.7625, 18.3475, 1.2125), (8.7625, 18.3725, 0.8875), (8.7625, 18.3725, 1.2125)] (
                                    aecoDerived = true
                                )
                                color3f[] primvars:displayColor = [(0.17, 0.44, 0.76)] (
                                    aecoDerived = true
                                )
                                uniform token subdivisionScheme = "none" (
                                    aecoDerived = true
                                )
                            }

                            def Mesh "employer_security" (
                                prepend apiSchemas = ["AecoDerivedGeometryAPI"]
                                customData = {
                                    bool aecoCompliancePresentation = 1
                                }
                            )
                            {
                                uniform token aeco:derived:approx = "bbox" (
                                    aecoDerived = true
                                )
                                uniform token aeco:derived:role = "symbol" (
                                    aecoDerived = true
                                )
                                string aeco:derived:source = "d714f2dd-af6c-5604-8957-7c837bd54bdb" (
                                    aecoDerived = true
                                )
                                string aeco:derived:stamp = "aeco-compliance illustrative height envelope" (
                                    aecoDerived = true
                                )
                                uniform bool doubleSided = 1 (
                                    aecoDerived = true
                                )
                                int[] faceVertexCounts = [4, 4, 4, 4, 4, 4, 4, 4, 4, 4, 4, 4, 4, 4, 4, 4, 4, 4, 4, 4, 4, 4, 4, 4, 4, 4, 4, 4, 4, 4, 4, 4, 4, 4, 4, 4, 4, 4, 4, 4, 4, 4, 4, 4, 4, 4, 4, 4, 4, 4, 4, 4, 4, 4, 4, 4, 4, 4, 4, 4, 4, 4, 4, 4, 4, 4, 4, 4, 4, 4, 4, 4] (
                                    aecoDerived = true
                                )
                                int[] faceVertexIndices = [0, 1, 3, 2, 4, 6, 7, 5, 0, 4, 5, 1, 2, 3, 7, 6, 0, 2, 6, 4, 1, 5, 7, 3, 8, 9, 11, 10, 12, 14, 15, 13, 8, 12, 13, 9, 10, 11, 15, 14, 8, 10, 14, 12, 9, 13, 15, 11, 16, 17, 19, 18, 20, 22, 23, 21, 16, 20, 21, 17, 18, 19, 23, 22, 16, 18, 22, 20, 17, 21, 23, 19, 24, 25, 27, 26, 28, 30, 31, 29, 24, 28, 29, 25, 26, 27, 31, 30, 24, 26, 30, 28, 25, 29, 31, 27, 32, 33, 35, 34, 36, 38, 39, 37, 32, 36, 37, 33, 34, 35, 39, 38, 32, 34, 38, 36, 33, 37, 39, 35, 40, 41, 43, 42, 44, 46, 47, 45, 40, 44, 45, 41, 42, 43, 47, 46, 40, 42, 46, 44, 41, 45, 47, 43, 48, 49, 51, 50, 52, 54, 55, 53, 48, 52, 53, 49, 50, 51, 55, 54, 48, 50, 54, 52, 49, 53, 55, 51, 56, 57, 59, 58, 60, 62, 63, 61, 56, 60, 61, 57, 58, 59, 63, 62, 56, 58, 62, 60, 57, 61, 63, 59, 64, 65, 67, 66, 68, 70, 71, 69, 64, 68, 69, 65, 66, 67, 71, 70, 64, 66, 70, 68, 65, 69, 71, 67, 72, 73, 75, 74, 76, 78, 79, 77, 72, 76, 77, 73, 74, 75, 79, 78, 72, 74, 78, 76, 73, 77, 79, 75, 80, 81, 83, 82, 84, 86, 87, 85, 80, 84, 85, 81, 82, 83, 87, 86, 80, 82, 86, 84, 81, 85, 87, 83, 88, 89, 91, 90, 92, 94, 95, 93, 88, 92, 93, 89, 90, 91, 95, 94, 88, 90, 94, 92, 89, 93, 95, 91] (
                                    aecoDerived = true
                                )
                                point3f[] points = [(8.8575, 17.4675, 1.0375), (8.8575, 17.4675, 1.0625), (8.8575, 17.4925, 1.0375), (8.8575, 17.4925, 1.0625), (9.6425, 17.4675, 1.0375), (9.6425, 17.4675, 1.0625), (9.6425, 17.4925, 1.0375), (9.6425, 17.4925, 1.0625), (9.6175, 17.4675, 1.0375), (9.6175, 17.4675, 1.0625), (9.6175, 18.2525, 1.0375), (9.6175, 18.2525, 1.0625), (9.6425, 17.4675, 1.0375), (9.6425, 17.4675, 1.0625), (9.6425, 18.2525, 1.0375), (9.6425, 18.2525, 1.0625), (8.8575, 18.2275, 1.0375), (8.8575, 18.2275, 1.0625), (8.8575, 18.2525, 1.0375), (8.8575, 18.2525, 1.0625), (9.6425, 18.2275, 1.0375), (9.6425, 18.2275, 1.0625), (9.6425, 18.2525, 1.0375), (9.6425, 18.2525, 1.0625), (8.8575, 17.4675, 1.0375), (8.8575, 17.4675, 1.0625), (8.8575, 18.2525, 1.0375), (8.8575, 18.2525, 1.0625), (8.8825, 17.4675, 1.0375), (8.8825, 17.4675, 1.0625), (8.8825, 18.2525, 1.0375), (8.8825, 18.2525, 1.0625), (8.8575, 17.4675, 1.1875), (8.8575, 17.4675, 1.2125), (8.8575, 17.4925, 1.1875), (8.8575, 17.4925, 1.2125), (9.6425, 17.4675, 1.1875), (9.6425, 17.4675, 1.2125), (9.6425, 17.4925, 1.1875), (9.6425, 17.4925, 1.2125), (9.6175, 17.4675, 1.1875), (9.6175, 17.4675, 1.2125), (9.6175, 18.2525, 1.1875), (9.6175, 18.2525, 1.2125), (9.6425, 17.4675, 1.1875), (9.6425, 17.4675, 1.2125), (9.6425, 18.2525, 1.1875), (9.6425, 18.2525, 1.2125), (8.8575, 18.2275, 1.1875), (8.8575, 18.2275, 1.2125), (8.8575, 18.2525, 1.1875), (8.8575, 18.2525, 1.2125), (9.6425, 18.2275, 1.1875), (9.6425, 18.2275, 1.2125), (9.6425, 18.2525, 1.1875), (9.6425, 18.2525, 1.2125), (8.8575, 17.4675, 1.1875), (8.8575, 17.4675, 1.2125), (8.8575, 18.2525, 1.1875), (8.8575, 18.2525, 1.2125), (8.8825, 17.4675, 1.1875), (8.8825, 17.4675, 1.2125), (8.8825, 18.2525, 1.1875), (8.8825, 18.2525, 1.2125), (8.8575, 17.4675, 1.0375), (8.8575, 17.4675, 1.2125), (8.8575, 17.4925, 1.0375), (8.8575, 17.4925, 1.2125), (8.8825, 17.4675, 1.0375), (8.8825, 17.4675, 1.2125), (8.8825, 17.4925, 1.0375), (8.8825, 17.4925, 1.2125), (9.6175, 17.4675, 1.0375), (9.6175, 17.4675, 1.2125), (9.6175, 17.4925, 1.0375), (9.6175, 17.4925, 1.2125), (9.6425, 17.4675, 1.0375), (9.6425, 17.4675, 1.2125), (9.6425, 17.4925, 1.0375), (9.6425, 17.4925, 1.2125), (9.6175, 18.2275, 1.0375), (9.6175, 18.2275, 1.2125), (9.6175, 18.2525, 1.0375), (9.6175, 18.2525, 1.2125), (9.6425, 18.2275, 1.0375), (9.6425, 18.2275, 1.2125), (9.6425, 18.2525, 1.0375), (9.6425, 18.2525, 1.2125), (8.8575, 18.2275, 1.0375), (8.8575, 18.2275, 1.2125), (8.8575, 18.2525, 1.0375), (8.8575, 18.2525, 1.2125), (8.8825, 18.2275, 1.0375), (8.8825, 18.2275, 1.2125), (8.8825, 18.2525, 1.0375), (8.8825, 18.2525, 1.2125)] (
                                    aecoDerived = true
                                )
                                color3f[] primvars:displayColor = [(0.08, 0.55, 0.34)] (
                                    aecoDerived = true
                                )
                                uniform token subdivisionScheme = "none" (
                                    aecoDerived = true
                                )
                            }

                            def Mesh "reader_datasheet" (
                                prepend apiSchemas = ["AecoDerivedGeometryAPI"]
                                customData = {
                                    bool aecoCompliancePresentation = 1
                                }
                            )
                            {
                                uniform token aeco:derived:approx = "bbox" (
                                    aecoDerived = true
                                )
                                uniform token aeco:derived:role = "symbol" (
                                    aecoDerived = true
                                )
                                string aeco:derived:source = "d714f2dd-af6c-5604-8957-7c837bd54bdb" (
                                    aecoDerived = true
                                )
                                string aeco:derived:stamp = "aeco-compliance illustrative height envelope" (
                                    aecoDerived = true
                                )
                                uniform bool doubleSided = 1 (
                                    aecoDerived = true
                                )
                                int[] faceVertexCounts = [4, 4, 4, 4, 4, 4, 4, 4, 4, 4, 4, 4, 4, 4, 4, 4, 4, 4, 4, 4, 4, 4, 4, 4, 4, 4, 4, 4, 4, 4, 4, 4, 4, 4, 4, 4, 4, 4, 4, 4, 4, 4, 4, 4, 4, 4, 4, 4, 4, 4, 4, 4, 4, 4, 4, 4, 4, 4, 4, 4, 4, 4, 4, 4, 4, 4, 4, 4, 4, 4, 4, 4] (
                                    aecoDerived = true
                                )
                                int[] faceVertexIndices = [0, 1, 3, 2, 4, 6, 7, 5, 0, 4, 5, 1, 2, 3, 7, 6, 0, 2, 6, 4, 1, 5, 7, 3, 8, 9, 11, 10, 12, 14, 15, 13, 8, 12, 13, 9, 10, 11, 15, 14, 8, 10, 14, 12, 9, 13, 15, 11, 16, 17, 19, 18, 20, 22, 23, 21, 16, 20, 21, 17, 18, 19, 23, 22, 16, 18, 22, 20, 17, 21, 23, 19, 24, 25, 27, 26, 28, 30, 31, 29, 24, 28, 29, 25, 26, 27, 31, 30, 24, 26, 30, 28, 25, 29, 31, 27, 32, 33, 35, 34, 36, 38, 39, 37, 32, 36, 37, 33, 34, 35, 39, 38, 32, 34, 38, 36, 33, 37, 39, 35, 40, 41, 43, 42, 44, 46, 47, 45, 40, 44, 45, 41, 42, 43, 47, 46, 40, 42, 46, 44, 41, 45, 47, 43, 48, 49, 51, 50, 52, 54, 55, 53, 48, 52, 53, 49, 50, 51, 55, 54, 48, 50, 54, 52, 49, 53, 55, 51, 56, 57, 59, 58, 60, 62, 63, 61, 56, 60, 61, 57, 58, 59, 63, 62, 56, 58, 62, 60, 57, 61, 63, 59, 64, 65, 67, 66, 68, 70, 71, 69, 64, 68, 69, 65, 66, 67, 71, 70, 64, 66, 70, 68, 65, 69, 71, 67, 72, 73, 75, 74, 76, 78, 79, 77, 72, 76, 77, 73, 74, 75, 79, 78, 72, 74, 78, 76, 73, 77, 79, 75, 80, 81, 83, 82, 84, 86, 87, 85, 80, 84, 85, 81, 82, 83, 87, 86, 80, 82, 86, 84, 81, 85, 87, 83, 88, 89, 91, 90, 92, 94, 95, 93, 88, 92, 93, 89, 90, 91, 95, 94, 88, 90, 94, 92, 89, 93, 95, 91] (
                                    aecoDerived = true
                                )
                                point3f[] points = [(8.9775, 17.5875, 0.9875), (8.9775, 17.5875, 1.0125), (8.9775, 17.6125, 0.9875), (8.9775, 17.6125, 1.0125), (9.5225, 17.5875, 0.9875), (9.5225, 17.5875, 1.0125), (9.5225, 17.6125, 0.9875), (9.5225, 17.6125, 1.0125), (9.4975, 17.5875, 0.9875), (9.4975, 17.5875, 1.0125), (9.4975, 18.1325, 0.9875), (9.4975, 18.1325, 1.0125), (9.5225, 17.5875, 0.9875), (9.5225, 17.5875, 1.0125), (9.5225, 18.1325, 0.9875), (9.5225, 18.1325, 1.0125), (8.9775, 18.1075, 0.9875), (8.9775, 18.1075, 1.0125), (8.9775, 18.1325, 0.9875), (8.9775, 18.1325, 1.0125), (9.5225, 18.1075, 0.9875), (9.5225, 18.1075, 1.0125), (9.5225, 18.1325, 0.9875), (9.5225, 18.1325, 1.0125), (8.9775, 17.5875, 0.9875), (8.9775, 17.5875, 1.0125), (8.9775, 18.1325, 0.9875), (8.9775, 18.1325, 1.0125), (9.0025, 17.5875, 0.9875), (9.0025, 17.5875, 1.0125), (9.0025, 18.1325, 0.9875), (9.0025, 18.1325, 1.0125), (8.9775, 17.5875, 1.6875), (8.9775, 17.5875, 1.7125), (8.9775, 17.6125, 1.6875), (8.9775, 17.6125, 1.7125), (9.5225, 17.5875, 1.6875), (9.5225, 17.5875, 1.7125), (9.5225, 17.6125, 1.6875), (9.5225, 17.6125, 1.7125), (9.4975, 17.5875, 1.6875), (9.4975, 17.5875, 1.7125), (9.4975, 18.1325, 1.6875), (9.4975, 18.1325, 1.7125), (9.5225, 17.5875, 1.6875), (9.5225, 17.5875, 1.7125), (9.5225, 18.1325, 1.6875), (9.5225, 18.1325, 1.7125), (8.9775, 18.1075, 1.6875), (8.9775, 18.1075, 1.7125), (8.9775, 18.1325, 1.6875), (8.9775, 18.1325, 1.7125), (9.5225, 18.1075, 1.6875), (9.5225, 18.1075, 1.7125), (9.5225, 18.1325, 1.6875), (9.5225, 18.1325, 1.7125), (8.9775, 17.5875, 1.6875), (8.9775, 17.5875, 1.7125), (8.9775, 18.1325, 1.6875), (8.9775, 18.1325, 1.7125), (9.0025, 17.5875, 1.6875), (9.0025, 17.5875, 1.7125), (9.0025, 18.1325, 1.6875), (9.0025, 18.1325, 1.7125), (8.9775, 17.5875, 0.9875), (8.9775, 17.5875, 1.7125), (8.9775, 17.6125, 0.9875), (8.9775, 17.6125, 1.7125), (9.0025, 17.5875, 0.9875), (9.0025, 17.5875, 1.7125), (9.0025, 17.6125, 0.9875), (9.0025, 17.6125, 1.7125), (9.4975, 17.5875, 0.9875), (9.4975, 17.5875, 1.7125), (9.4975, 17.6125, 0.9875), (9.4975, 17.6125, 1.7125), (9.5225, 17.5875, 0.9875), (9.5225, 17.5875, 1.7125), (9.5225, 17.6125, 0.9875), (9.5225, 17.6125, 1.7125), (9.4975, 18.1075, 0.9875), (9.4975, 18.1075, 1.7125), (9.4975, 18.1325, 0.9875), (9.4975, 18.1325, 1.7125), (9.5225, 18.1075, 0.9875), (9.5225, 18.1075, 1.7125), (9.5225, 18.1325, 0.9875), (9.5225, 18.1325, 1.7125), (8.9775, 18.1075, 0.9875), (8.9775, 18.1075, 1.7125), (8.9775, 18.1325, 0.9875), (8.9775, 18.1325, 1.7125), (9.0025, 18.1075, 0.9875), (9.0025, 18.1075, 1.7125), (9.0025, 18.1325, 0.9875), (9.0025, 18.1325, 1.7125)] (
                                    aecoDerived = true
                                )
                                color3f[] primvars:displayColor = [(0.84, 0.52, 0.1)] (
                                    aecoDerived = true
                                )
                                uniform token subdivisionScheme = "none" (
                                    aecoDerived = true
                                )
                            }

                            def Mesh "Status" (
                                prepend apiSchemas = ["AecoDerivedGeometryAPI"]
                                customData = {
                                    bool aecoCompliancePresentation = 1
                                }
                            )
                            {
                                uniform token aeco:derived:approx = "bbox" (
                                    aecoDerived = true
                                )
                                uniform token aeco:derived:role = "symbol" (
                                    aecoDerived = true
                                )
                                string aeco:derived:source = "d714f2dd-af6c-5604-8957-7c837bd54bdb" (
                                    aecoDerived = true
                                )
                                string aeco:derived:stamp = "aeco-compliance illustrative height envelope" (
                                    aecoDerived = true
                                )
                                uniform bool doubleSided = 1 (
                                    aecoDerived = true
                                )
                                int[] faceVertexCounts = [4, 4, 4, 4, 4, 4, 4, 4, 4, 4, 4, 4, 4, 4, 4, 4, 4, 4] (
                                    aecoDerived = true
                                )
                                int[] faceVertexIndices = [0, 1, 3, 2, 4, 6, 7, 5, 0, 4, 5, 1, 2, 3, 7, 6, 0, 2, 6, 4, 1, 5, 7, 3, 8, 9, 11, 10, 12, 14, 15, 13, 8, 12, 13, 9, 10, 11, 15, 14, 8, 10, 14, 12, 9, 13, 15, 11, 16, 17, 19, 18, 20, 22, 23, 21, 16, 20, 21, 17, 18, 19, 23, 22, 16, 18, 22, 20, 17, 21, 23, 19] (
                                    aecoDerived = true
                                )
                                point3f[] points = [(9.025, 17.815, 1.155), (9.025, 17.815, 1.245), (9.025, 17.905, 1.155), (9.025, 17.905, 1.245), (9.475, 17.815, 1.155), (9.475, 17.815, 1.245), (9.475, 17.905, 1.155), (9.475, 17.905, 1.245), (9.205, 17.635, 1.155), (9.205, 17.635, 1.245), (9.205, 18.085, 1.155), (9.205, 18.085, 1.245), (9.295, 17.635, 1.155), (9.295, 17.635, 1.245), (9.295, 18.085, 1.155), (9.295, 18.085, 1.245), (9.205, 17.815, 0.975), (9.205, 17.815, 1.425), (9.205, 17.905, 0.975), (9.205, 17.905, 1.425), (9.295, 17.815, 0.975), (9.295, 17.815, 1.425), (9.295, 17.905, 0.975), (9.295, 17.905, 1.425)] (
                                    aecoDerived = true
                                )
                                color3f[] primvars:displayColor = [(0.08, 0.55, 0.34)] (
                                    aecoDerived = true
                                )
                                uniform token subdivisionScheme = "none" (
                                    aecoDerived = true
                                )
                            }
                        }
                    }

                    def "Iris_Scanner_door_hall_b_s"
                    {
                        over "Geom"
                        {
                            color3f[] primvars:displayColor = [(0.08, 0.55, 0.34)] (
                                aecoDerived = true
                            )
                        }

                        def Xform "ComplianceEnvelope" (
                            customData = {
                                bool aecoCompliancePresentation = 1
                            }
                        )
                        {
                            uniform token[] xformOpOrder = ["!resetXformStack!"]

                            def Mesh "accessibility" (
                                prepend apiSchemas = ["AecoDerivedGeometryAPI"]
                                customData = {
                                    bool aecoCompliancePresentation = 1
                                }
                            )
                            {
                                uniform token aeco:derived:approx = "bbox" (
                                    aecoDerived = true
                                )
                                uniform token aeco:derived:role = "symbol" (
                                    aecoDerived = true
                                )
                                string aeco:derived:source = "ce6c55ad-4e78-5e63-828c-456d846d70c1" (
                                    aecoDerived = true
                                )
                                string aeco:derived:stamp = "aeco-compliance illustrative height envelope" (
                                    aecoDerived = true
                                )
                                uniform bool doubleSided = 1 (
                                    aecoDerived = true
                                )
                                int[] faceVertexCounts = [4, 4, 4, 4, 4, 4, 4, 4, 4, 4, 4, 4, 4, 4, 4, 4, 4, 4, 4, 4, 4, 4, 4, 4, 4, 4, 4, 4, 4, 4, 4, 4, 4, 4, 4, 4, 4, 4, 4, 4, 4, 4, 4, 4, 4, 4, 4, 4, 4, 4, 4, 4, 4, 4, 4, 4, 4, 4, 4, 4, 4, 4, 4, 4, 4, 4, 4, 4, 4, 4, 4, 4] (
                                    aecoDerived = true
                                )
                                int[] faceVertexIndices = [0, 1, 3, 2, 4, 6, 7, 5, 0, 4, 5, 1, 2, 3, 7, 6, 0, 2, 6, 4, 1, 5, 7, 3, 8, 9, 11, 10, 12, 14, 15, 13, 8, 12, 13, 9, 10, 11, 15, 14, 8, 10, 14, 12, 9, 13, 15, 11, 16, 17, 19, 18, 20, 22, 23, 21, 16, 20, 21, 17, 18, 19, 23, 22, 16, 18, 22, 20, 17, 21, 23, 19, 24, 25, 27, 26, 28, 30, 31, 29, 24, 28, 29, 25, 26, 27, 31, 30, 24, 26, 30, 28, 25, 29, 31, 27, 32, 33, 35, 34, 36, 38, 39, 37, 32, 36, 37, 33, 34, 35, 39, 38, 32, 34, 38, 36, 33, 37, 39, 35, 40, 41, 43, 42, 44, 46, 47, 45, 40, 44, 45, 41, 42, 43, 47, 46, 40, 42, 46, 44, 41, 45, 47, 43, 48, 49, 51, 50, 52, 54, 55, 53, 48, 52, 53, 49, 50, 51, 55, 54, 48, 50, 54, 52, 49, 53, 55, 51, 56, 57, 59, 58, 60, 62, 63, 61, 56, 60, 61, 57, 58, 59, 63, 62, 56, 58, 62, 60, 57, 61, 63, 59, 64, 65, 67, 66, 68, 70, 71, 69, 64, 68, 69, 65, 66, 67, 71, 70, 64, 66, 70, 68, 65, 69, 71, 67, 72, 73, 75, 74, 76, 78, 79, 77, 72, 76, 77, 73, 74, 75, 79, 78, 72, 74, 78, 76, 73, 77, 79, 75, 80, 81, 83, 82, 84, 86, 87, 85, 80, 84, 85, 81, 82, 83, 87, 86, 80, 82, 86, 84, 81, 85, 87, 83, 88, 89, 91, 90, 92, 94, 95, 93, 88, 92, 93, 89, 90, 91, 95, 94, 88, 90, 94, 92, 89, 93, 95, 91] (
                                    aecoDerived = true
                                )
                                point3f[] points = [(45.7375, 17.3475, 0.8875), (45.7375, 17.3475, 0.9125), (45.7375, 17.3725, 0.8875), (45.7375, 17.3725, 0.9125), (46.7625, 17.3475, 0.8875), (46.7625, 17.3475, 0.9125), (46.7625, 17.3725, 0.8875), (46.7625, 17.3725, 0.9125), (46.7375, 17.3475, 0.8875), (46.7375, 17.3475, 0.9125), (46.7375, 18.3725, 0.8875), (46.7375, 18.3725, 0.9125), (46.7625, 17.3475, 0.8875), (46.7625, 17.3475, 0.9125), (46.7625, 18.3725, 0.8875), (46.7625, 18.3725, 0.9125), (45.7375, 18.3475, 0.8875), (45.7375, 18.3475, 0.9125), (45.7375, 18.3725, 0.8875), (45.7375, 18.3725, 0.9125), (46.7625, 18.3475, 0.8875), (46.7625, 18.3475, 0.9125), (46.7625, 18.3725, 0.8875), (46.7625, 18.3725, 0.9125), (45.7375, 17.3475, 0.8875), (45.7375, 17.3475, 0.9125), (45.7375, 18.3725, 0.8875), (45.7375, 18.3725, 0.9125), (45.7625, 17.3475, 0.8875), (45.7625, 17.3475, 0.9125), (45.7625, 18.3725, 0.8875), (45.7625, 18.3725, 0.9125), (45.7375, 17.3475, 1.1875), (45.7375, 17.3475, 1.2125), (45.7375, 17.3725, 1.1875), (45.7375, 17.3725, 1.2125), (46.7625, 17.3475, 1.1875), (46.7625, 17.3475, 1.2125), (46.7625, 17.3725, 1.1875), (46.7625, 17.3725, 1.2125), (46.7375, 17.3475, 1.1875), (46.7375, 17.3475, 1.2125), (46.7375, 18.3725, 1.1875), (46.7375, 18.3725, 1.2125), (46.7625, 17.3475, 1.1875), (46.7625, 17.3475, 1.2125), (46.7625, 18.3725, 1.1875), (46.7625, 18.3725, 1.2125), (45.7375, 18.3475, 1.1875), (45.7375, 18.3475, 1.2125), (45.7375, 18.3725, 1.1875), (45.7375, 18.3725, 1.2125), (46.7625, 18.3475, 1.1875), (46.7625, 18.3475, 1.2125), (46.7625, 18.3725, 1.1875), (46.7625, 18.3725, 1.2125), (45.7375, 17.3475, 1.1875), (45.7375, 17.3475, 1.2125), (45.7375, 18.3725, 1.1875), (45.7375, 18.3725, 1.2125), (45.7625, 17.3475, 1.1875), (45.7625, 17.3475, 1.2125), (45.7625, 18.3725, 1.1875), (45.7625, 18.3725, 1.2125), (45.7375, 17.3475, 0.8875), (45.7375, 17.3475, 1.2125), (45.7375, 17.3725, 0.8875), (45.7375, 17.3725, 1.2125), (45.7625, 17.3475, 0.8875), (45.7625, 17.3475, 1.2125), (45.7625, 17.3725, 0.8875), (45.7625, 17.3725, 1.2125), (46.7375, 17.3475, 0.8875), (46.7375, 17.3475, 1.2125), (46.7375, 17.3725, 0.8875), (46.7375, 17.3725, 1.2125), (46.7625, 17.3475, 0.8875), (46.7625, 17.3475, 1.2125), (46.7625, 17.3725, 0.8875), (46.7625, 17.3725, 1.2125), (46.7375, 18.3475, 0.8875), (46.7375, 18.3475, 1.2125), (46.7375, 18.3725, 0.8875), (46.7375, 18.3725, 1.2125), (46.7625, 18.3475, 0.8875), (46.7625, 18.3475, 1.2125), (46.7625, 18.3725, 0.8875), (46.7625, 18.3725, 1.2125), (45.7375, 18.3475, 0.8875), (45.7375, 18.3475, 1.2125), (45.7375, 18.3725, 0.8875), (45.7375, 18.3725, 1.2125), (45.7625, 18.3475, 0.8875), (45.7625, 18.3475, 1.2125), (45.7625, 18.3725, 0.8875), (45.7625, 18.3725, 1.2125)] (
                                    aecoDerived = true
                                )
                                color3f[] primvars:displayColor = [(0.17, 0.44, 0.76)] (
                                    aecoDerived = true
                                )
                                uniform token subdivisionScheme = "none" (
                                    aecoDerived = true
                                )
                            }

                            def Mesh "employer_security" (
                                prepend apiSchemas = ["AecoDerivedGeometryAPI"]
                                customData = {
                                    bool aecoCompliancePresentation = 1
                                }
                            )
                            {
                                uniform token aeco:derived:approx = "bbox" (
                                    aecoDerived = true
                                )
                                uniform token aeco:derived:role = "symbol" (
                                    aecoDerived = true
                                )
                                string aeco:derived:source = "ce6c55ad-4e78-5e63-828c-456d846d70c1" (
                                    aecoDerived = true
                                )
                                string aeco:derived:stamp = "aeco-compliance illustrative height envelope" (
                                    aecoDerived = true
                                )
                                uniform bool doubleSided = 1 (
                                    aecoDerived = true
                                )
                                int[] faceVertexCounts = [4, 4, 4, 4, 4, 4, 4, 4, 4, 4, 4, 4, 4, 4, 4, 4, 4, 4, 4, 4, 4, 4, 4, 4, 4, 4, 4, 4, 4, 4, 4, 4, 4, 4, 4, 4, 4, 4, 4, 4, 4, 4, 4, 4, 4, 4, 4, 4, 4, 4, 4, 4, 4, 4, 4, 4, 4, 4, 4, 4, 4, 4, 4, 4, 4, 4, 4, 4, 4, 4, 4, 4] (
                                    aecoDerived = true
                                )
                                int[] faceVertexIndices = [0, 1, 3, 2, 4, 6, 7, 5, 0, 4, 5, 1, 2, 3, 7, 6, 0, 2, 6, 4, 1, 5, 7, 3, 8, 9, 11, 10, 12, 14, 15, 13, 8, 12, 13, 9, 10, 11, 15, 14, 8, 10, 14, 12, 9, 13, 15, 11, 16, 17, 19, 18, 20, 22, 23, 21, 16, 20, 21, 17, 18, 19, 23, 22, 16, 18, 22, 20, 17, 21, 23, 19, 24, 25, 27, 26, 28, 30, 31, 29, 24, 28, 29, 25, 26, 27, 31, 30, 24, 26, 30, 28, 25, 29, 31, 27, 32, 33, 35, 34, 36, 38, 39, 37, 32, 36, 37, 33, 34, 35, 39, 38, 32, 34, 38, 36, 33, 37, 39, 35, 40, 41, 43, 42, 44, 46, 47, 45, 40, 44, 45, 41, 42, 43, 47, 46, 40, 42, 46, 44, 41, 45, 47, 43, 48, 49, 51, 50, 52, 54, 55, 53, 48, 52, 53, 49, 50, 51, 55, 54, 48, 50, 54, 52, 49, 53, 55, 51, 56, 57, 59, 58, 60, 62, 63, 61, 56, 60, 61, 57, 58, 59, 63, 62, 56, 58, 62, 60, 57, 61, 63, 59, 64, 65, 67, 66, 68, 70, 71, 69, 64, 68, 69, 65, 66, 67, 71, 70, 64, 66, 70, 68, 65, 69, 71, 67, 72, 73, 75, 74, 76, 78, 79, 77, 72, 76, 77, 73, 74, 75, 79, 78, 72, 74, 78, 76, 73, 77, 79, 75, 80, 81, 83, 82, 84, 86, 87, 85, 80, 84, 85, 81, 82, 83, 87, 86, 80, 82, 86, 84, 81, 85, 87, 83, 88, 89, 91, 90, 92, 94, 95, 93, 88, 92, 93, 89, 90, 91, 95, 94, 88, 90, 94, 92, 89, 93, 95, 91] (
                                    aecoDerived = true
                                )
                                point3f[] points = [(45.8575, 17.4675, 1.0375), (45.8575, 17.4675, 1.0625), (45.8575, 17.4925, 1.0375), (45.8575, 17.4925, 1.0625), (46.6425, 17.4675, 1.0375), (46.6425, 17.4675, 1.0625), (46.6425, 17.4925, 1.0375), (46.6425, 17.4925, 1.0625), (46.6175, 17.4675, 1.0375), (46.6175, 17.4675, 1.0625), (46.6175, 18.2525, 1.0375), (46.6175, 18.2525, 1.0625), (46.6425, 17.4675, 1.0375), (46.6425, 17.4675, 1.0625), (46.6425, 18.2525, 1.0375), (46.6425, 18.2525, 1.0625), (45.8575, 18.2275, 1.0375), (45.8575, 18.2275, 1.0625), (45.8575, 18.2525, 1.0375), (45.8575, 18.2525, 1.0625), (46.6425, 18.2275, 1.0375), (46.6425, 18.2275, 1.0625), (46.6425, 18.2525, 1.0375), (46.6425, 18.2525, 1.0625), (45.8575, 17.4675, 1.0375), (45.8575, 17.4675, 1.0625), (45.8575, 18.2525, 1.0375), (45.8575, 18.2525, 1.0625), (45.8825, 17.4675, 1.0375), (45.8825, 17.4675, 1.0625), (45.8825, 18.2525, 1.0375), (45.8825, 18.2525, 1.0625), (45.8575, 17.4675, 1.1875), (45.8575, 17.4675, 1.2125), (45.8575, 17.4925, 1.1875), (45.8575, 17.4925, 1.2125), (46.6425, 17.4675, 1.1875), (46.6425, 17.4675, 1.2125), (46.6425, 17.4925, 1.1875), (46.6425, 17.4925, 1.2125), (46.6175, 17.4675, 1.1875), (46.6175, 17.4675, 1.2125), (46.6175, 18.2525, 1.1875), (46.6175, 18.2525, 1.2125), (46.6425, 17.4675, 1.1875), (46.6425, 17.4675, 1.2125), (46.6425, 18.2525, 1.1875), (46.6425, 18.2525, 1.2125), (45.8575, 18.2275, 1.1875), (45.8575, 18.2275, 1.2125), (45.8575, 18.2525, 1.1875), (45.8575, 18.2525, 1.2125), (46.6425, 18.2275, 1.1875), (46.6425, 18.2275, 1.2125), (46.6425, 18.2525, 1.1875), (46.6425, 18.2525, 1.2125), (45.8575, 17.4675, 1.1875), (45.8575, 17.4675, 1.2125), (45.8575, 18.2525, 1.1875), (45.8575, 18.2525, 1.2125), (45.8825, 17.4675, 1.1875), (45.8825, 17.4675, 1.2125), (45.8825, 18.2525, 1.1875), (45.8825, 18.2525, 1.2125), (45.8575, 17.4675, 1.0375), (45.8575, 17.4675, 1.2125), (45.8575, 17.4925, 1.0375), (45.8575, 17.4925, 1.2125), (45.8825, 17.4675, 1.0375), (45.8825, 17.4675, 1.2125), (45.8825, 17.4925, 1.0375), (45.8825, 17.4925, 1.2125), (46.6175, 17.4675, 1.0375), (46.6175, 17.4675, 1.2125), (46.6175, 17.4925, 1.0375), (46.6175, 17.4925, 1.2125), (46.6425, 17.4675, 1.0375), (46.6425, 17.4675, 1.2125), (46.6425, 17.4925, 1.0375), (46.6425, 17.4925, 1.2125), (46.6175, 18.2275, 1.0375), (46.6175, 18.2275, 1.2125), (46.6175, 18.2525, 1.0375), (46.6175, 18.2525, 1.2125), (46.6425, 18.2275, 1.0375), (46.6425, 18.2275, 1.2125), (46.6425, 18.2525, 1.0375), (46.6425, 18.2525, 1.2125), (45.8575, 18.2275, 1.0375), (45.8575, 18.2275, 1.2125), (45.8575, 18.2525, 1.0375), (45.8575, 18.2525, 1.2125), (45.8825, 18.2275, 1.0375), (45.8825, 18.2275, 1.2125), (45.8825, 18.2525, 1.0375), (45.8825, 18.2525, 1.2125)] (
                                    aecoDerived = true
                                )
                                color3f[] primvars:displayColor = [(0.08, 0.55, 0.34)] (
                                    aecoDerived = true
                                )
                                uniform token subdivisionScheme = "none" (
                                    aecoDerived = true
                                )
                            }

                            def Mesh "reader_datasheet" (
                                prepend apiSchemas = ["AecoDerivedGeometryAPI"]
                                customData = {
                                    bool aecoCompliancePresentation = 1
                                }
                            )
                            {
                                uniform token aeco:derived:approx = "bbox" (
                                    aecoDerived = true
                                )
                                uniform token aeco:derived:role = "symbol" (
                                    aecoDerived = true
                                )
                                string aeco:derived:source = "ce6c55ad-4e78-5e63-828c-456d846d70c1" (
                                    aecoDerived = true
                                )
                                string aeco:derived:stamp = "aeco-compliance illustrative height envelope" (
                                    aecoDerived = true
                                )
                                uniform bool doubleSided = 1 (
                                    aecoDerived = true
                                )
                                int[] faceVertexCounts = [4, 4, 4, 4, 4, 4, 4, 4, 4, 4, 4, 4, 4, 4, 4, 4, 4, 4, 4, 4, 4, 4, 4, 4, 4, 4, 4, 4, 4, 4, 4, 4, 4, 4, 4, 4, 4, 4, 4, 4, 4, 4, 4, 4, 4, 4, 4, 4, 4, 4, 4, 4, 4, 4, 4, 4, 4, 4, 4, 4, 4, 4, 4, 4, 4, 4, 4, 4, 4, 4, 4, 4] (
                                    aecoDerived = true
                                )
                                int[] faceVertexIndices = [0, 1, 3, 2, 4, 6, 7, 5, 0, 4, 5, 1, 2, 3, 7, 6, 0, 2, 6, 4, 1, 5, 7, 3, 8, 9, 11, 10, 12, 14, 15, 13, 8, 12, 13, 9, 10, 11, 15, 14, 8, 10, 14, 12, 9, 13, 15, 11, 16, 17, 19, 18, 20, 22, 23, 21, 16, 20, 21, 17, 18, 19, 23, 22, 16, 18, 22, 20, 17, 21, 23, 19, 24, 25, 27, 26, 28, 30, 31, 29, 24, 28, 29, 25, 26, 27, 31, 30, 24, 26, 30, 28, 25, 29, 31, 27, 32, 33, 35, 34, 36, 38, 39, 37, 32, 36, 37, 33, 34, 35, 39, 38, 32, 34, 38, 36, 33, 37, 39, 35, 40, 41, 43, 42, 44, 46, 47, 45, 40, 44, 45, 41, 42, 43, 47, 46, 40, 42, 46, 44, 41, 45, 47, 43, 48, 49, 51, 50, 52, 54, 55, 53, 48, 52, 53, 49, 50, 51, 55, 54, 48, 50, 54, 52, 49, 53, 55, 51, 56, 57, 59, 58, 60, 62, 63, 61, 56, 60, 61, 57, 58, 59, 63, 62, 56, 58, 62, 60, 57, 61, 63, 59, 64, 65, 67, 66, 68, 70, 71, 69, 64, 68, 69, 65, 66, 67, 71, 70, 64, 66, 70, 68, 65, 69, 71, 67, 72, 73, 75, 74, 76, 78, 79, 77, 72, 76, 77, 73, 74, 75, 79, 78, 72, 74, 78, 76, 73, 77, 79, 75, 80, 81, 83, 82, 84, 86, 87, 85, 80, 84, 85, 81, 82, 83, 87, 86, 80, 82, 86, 84, 81, 85, 87, 83, 88, 89, 91, 90, 92, 94, 95, 93, 88, 92, 93, 89, 90, 91, 95, 94, 88, 90, 94, 92, 89, 93, 95, 91] (
                                    aecoDerived = true
                                )
                                point3f[] points = [(45.9775, 17.5875, 0.9875), (45.9775, 17.5875, 1.0125), (45.9775, 17.6125, 0.9875), (45.9775, 17.6125, 1.0125), (46.5225, 17.5875, 0.9875), (46.5225, 17.5875, 1.0125), (46.5225, 17.6125, 0.9875), (46.5225, 17.6125, 1.0125), (46.4975, 17.5875, 0.9875), (46.4975, 17.5875, 1.0125), (46.4975, 18.1325, 0.9875), (46.4975, 18.1325, 1.0125), (46.5225, 17.5875, 0.9875), (46.5225, 17.5875, 1.0125), (46.5225, 18.1325, 0.9875), (46.5225, 18.1325, 1.0125), (45.9775, 18.1075, 0.9875), (45.9775, 18.1075, 1.0125), (45.9775, 18.1325, 0.9875), (45.9775, 18.1325, 1.0125), (46.5225, 18.1075, 0.9875), (46.5225, 18.1075, 1.0125), (46.5225, 18.1325, 0.9875), (46.5225, 18.1325, 1.0125), (45.9775, 17.5875, 0.9875), (45.9775, 17.5875, 1.0125), (45.9775, 18.1325, 0.9875), (45.9775, 18.1325, 1.0125), (46.0025, 17.5875, 0.9875), (46.0025, 17.5875, 1.0125), (46.0025, 18.1325, 0.9875), (46.0025, 18.1325, 1.0125), (45.9775, 17.5875, 1.6875), (45.9775, 17.5875, 1.7125), (45.9775, 17.6125, 1.6875), (45.9775, 17.6125, 1.7125), (46.5225, 17.5875, 1.6875), (46.5225, 17.5875, 1.7125), (46.5225, 17.6125, 1.6875), (46.5225, 17.6125, 1.7125), (46.4975, 17.5875, 1.6875), (46.4975, 17.5875, 1.7125), (46.4975, 18.1325, 1.6875), (46.4975, 18.1325, 1.7125), (46.5225, 17.5875, 1.6875), (46.5225, 17.5875, 1.7125), (46.5225, 18.1325, 1.6875), (46.5225, 18.1325, 1.7125), (45.9775, 18.1075, 1.6875), (45.9775, 18.1075, 1.7125), (45.9775, 18.1325, 1.6875), (45.9775, 18.1325, 1.7125), (46.5225, 18.1075, 1.6875), (46.5225, 18.1075, 1.7125), (46.5225, 18.1325, 1.6875), (46.5225, 18.1325, 1.7125), (45.9775, 17.5875, 1.6875), (45.9775, 17.5875, 1.7125), (45.9775, 18.1325, 1.6875), (45.9775, 18.1325, 1.7125), (46.0025, 17.5875, 1.6875), (46.0025, 17.5875, 1.7125), (46.0025, 18.1325, 1.6875), (46.0025, 18.1325, 1.7125), (45.9775, 17.5875, 0.9875), (45.9775, 17.5875, 1.7125), (45.9775, 17.6125, 0.9875), (45.9775, 17.6125, 1.7125), (46.0025, 17.5875, 0.9875), (46.0025, 17.5875, 1.7125), (46.0025, 17.6125, 0.9875), (46.0025, 17.6125, 1.7125), (46.4975, 17.5875, 0.9875), (46.4975, 17.5875, 1.7125), (46.4975, 17.6125, 0.9875), (46.4975, 17.6125, 1.7125), (46.5225, 17.5875, 0.9875), (46.5225, 17.5875, 1.7125), (46.5225, 17.6125, 0.9875), (46.5225, 17.6125, 1.7125), (46.4975, 18.1075, 0.9875), (46.4975, 18.1075, 1.7125), (46.4975, 18.1325, 0.9875), (46.4975, 18.1325, 1.7125), (46.5225, 18.1075, 0.9875), (46.5225, 18.1075, 1.7125), (46.5225, 18.1325, 0.9875), (46.5225, 18.1325, 1.7125), (45.9775, 18.1075, 0.9875), (45.9775, 18.1075, 1.7125), (45.9775, 18.1325, 0.9875), (45.9775, 18.1325, 1.7125), (46.0025, 18.1075, 0.9875), (46.0025, 18.1075, 1.7125), (46.0025, 18.1325, 0.9875), (46.0025, 18.1325, 1.7125)] (
                                    aecoDerived = true
                                )
                                color3f[] primvars:displayColor = [(0.84, 0.52, 0.1)] (
                                    aecoDerived = true
                                )
                                uniform token subdivisionScheme = "none" (
                                    aecoDerived = true
                                )
                            }

                            def Mesh "Status" (
                                prepend apiSchemas = ["AecoDerivedGeometryAPI"]
                                customData = {
                                    bool aecoCompliancePresentation = 1
                                }
                            )
                            {
                                uniform token aeco:derived:approx = "bbox" (
                                    aecoDerived = true
                                )
                                uniform token aeco:derived:role = "symbol" (
                                    aecoDerived = true
                                )
                                string aeco:derived:source = "ce6c55ad-4e78-5e63-828c-456d846d70c1" (
                                    aecoDerived = true
                                )
                                string aeco:derived:stamp = "aeco-compliance illustrative height envelope" (
                                    aecoDerived = true
                                )
                                uniform bool doubleSided = 1 (
                                    aecoDerived = true
                                )
                                int[] faceVertexCounts = [4, 4, 4, 4, 4, 4, 4, 4, 4, 4, 4, 4, 4, 4, 4, 4, 4, 4] (
                                    aecoDerived = true
                                )
                                int[] faceVertexIndices = [0, 1, 3, 2, 4, 6, 7, 5, 0, 4, 5, 1, 2, 3, 7, 6, 0, 2, 6, 4, 1, 5, 7, 3, 8, 9, 11, 10, 12, 14, 15, 13, 8, 12, 13, 9, 10, 11, 15, 14, 8, 10, 14, 12, 9, 13, 15, 11, 16, 17, 19, 18, 20, 22, 23, 21, 16, 20, 21, 17, 18, 19, 23, 22, 16, 18, 22, 20, 17, 21, 23, 19] (
                                    aecoDerived = true
                                )
                                point3f[] points = [(46.025, 17.815, 1.155), (46.025, 17.815, 1.245), (46.025, 17.905, 1.155), (46.025, 17.905, 1.245), (46.475, 17.815, 1.155), (46.475, 17.815, 1.245), (46.475, 17.905, 1.155), (46.475, 17.905, 1.245), (46.205, 17.635, 1.155), (46.205, 17.635, 1.245), (46.205, 18.085, 1.155), (46.205, 18.085, 1.245), (46.295, 17.635, 1.155), (46.295, 17.635, 1.245), (46.295, 18.085, 1.155), (46.295, 18.085, 1.245), (46.205, 17.815, 0.975), (46.205, 17.815, 1.425), (46.205, 17.905, 0.975), (46.205, 17.905, 1.425), (46.295, 17.815, 0.975), (46.295, 17.815, 1.425), (46.295, 17.905, 0.975), (46.295, 17.905, 1.425)] (
                                    aecoDerived = true
                                )
                                color3f[] primvars:displayColor = [(0.08, 0.55, 0.34)] (
                                    aecoDerived = true
                                )
                                uniform token subdivisionScheme = "none" (
                                    aecoDerived = true
                                )
                            }
                        }
                    }

                    def "Iris_Scanner_door_mmr_2"
                    {
                        over "Geom"
                        {
                            color3f[] primvars:displayColor = [(0.08, 0.55, 0.34)] (
                                aecoDerived = true
                            )
                        }

                        def Xform "ComplianceEnvelope" (
                            customData = {
                                bool aecoCompliancePresentation = 1
                            }
                        )
                        {
                            uniform token[] xformOpOrder = ["!resetXformStack!"]

                            def Mesh "accessibility" (
                                prepend apiSchemas = ["AecoDerivedGeometryAPI"]
                                customData = {
                                    bool aecoCompliancePresentation = 1
                                }
                            )
                            {
                                uniform token aeco:derived:approx = "bbox" (
                                    aecoDerived = true
                                )
                                uniform token aeco:derived:role = "symbol" (
                                    aecoDerived = true
                                )
                                string aeco:derived:source = "9fc66cb7-c597-548c-b8af-75575bf46649" (
                                    aecoDerived = true
                                )
                                string aeco:derived:stamp = "aeco-compliance illustrative height envelope" (
                                    aecoDerived = true
                                )
                                uniform bool doubleSided = 1 (
                                    aecoDerived = true
                                )
                                int[] faceVertexCounts = [4, 4, 4, 4, 4, 4, 4, 4, 4, 4, 4, 4, 4, 4, 4, 4, 4, 4, 4, 4, 4, 4, 4, 4, 4, 4, 4, 4, 4, 4, 4, 4, 4, 4, 4, 4, 4, 4, 4, 4, 4, 4, 4, 4, 4, 4, 4, 4, 4, 4, 4, 4, 4, 4, 4, 4, 4, 4, 4, 4, 4, 4, 4, 4, 4, 4, 4, 4, 4, 4, 4, 4] (
                                    aecoDerived = true
                                )
                                int[] faceVertexIndices = [0, 1, 3, 2, 4, 6, 7, 5, 0, 4, 5, 1, 2, 3, 7, 6, 0, 2, 6, 4, 1, 5, 7, 3, 8, 9, 11, 10, 12, 14, 15, 13, 8, 12, 13, 9, 10, 11, 15, 14, 8, 10, 14, 12, 9, 13, 15, 11, 16, 17, 19, 18, 20, 22, 23, 21, 16, 20, 21, 17, 18, 19, 23, 22, 16, 18, 22, 20, 17, 21, 23, 19, 24, 25, 27, 26, 28, 30, 31, 29, 24, 28, 29, 25, 26, 27, 31, 30, 24, 26, 30, 28, 25, 29, 31, 27, 32, 33, 35, 34, 36, 38, 39, 37, 32, 36, 37, 33, 34, 35, 39, 38, 32, 34, 38, 36, 33, 37, 39, 35, 40, 41, 43, 42, 44, 46, 47, 45, 40, 44, 45, 41, 42, 43, 47, 46, 40, 42, 46, 44, 41, 45, 47, 43, 48, 49, 51, 50, 52, 54, 55, 53, 48, 52, 53, 49, 50, 51, 55, 54, 48, 50, 54, 52, 49, 53, 55, 51, 56, 57, 59, 58, 60, 62, 63, 61, 56, 60, 61, 57, 58, 59, 63, 62, 56, 58, 62, 60, 57, 61, 63, 59, 64, 65, 67, 66, 68, 70, 71, 69, 64, 68, 69, 65, 66, 67, 71, 70, 64, 66, 70, 68, 65, 69, 71, 67, 72, 73, 75, 74, 76, 78, 79, 77, 72, 76, 77, 73, 74, 75, 79, 78, 72, 74, 78, 76, 73, 77, 79, 75, 80, 81, 83, 82, 84, 86, 87, 85, 80, 84, 85, 81, 82, 83, 87, 86, 80, 82, 86, 84, 81, 85, 87, 83, 88, 89, 91, 90, 92, 94, 95, 93, 88, 92, 93, 89, 90, 91, 95, 94, 88, 90, 94, 92, 89, 93, 95, 91] (
                                    aecoDerived = true
                                )
                                point3f[] points = [(51.2875, 14.6275, 0.8875), (51.2875, 14.6275, 0.9125), (51.2875, 14.6525, 0.8875), (51.2875, 14.6525, 0.9125), (52.3125, 14.6275, 0.8875), (52.3125, 14.6275, 0.9125), (52.3125, 14.6525, 0.8875), (52.3125, 14.6525, 0.9125), (52.2875, 14.6275, 0.8875), (52.2875, 14.6275, 0.9125), (52.2875, 15.6525, 0.8875), (52.2875, 15.6525, 0.9125), (52.3125, 14.6275, 0.8875), (52.3125, 14.6275, 0.9125), (52.3125, 15.6525, 0.8875), (52.3125, 15.6525, 0.9125), (51.2875, 15.6275, 0.8875), (51.2875, 15.6275, 0.9125), (51.2875, 15.6525, 0.8875), (51.2875, 15.6525, 0.9125), (52.3125, 15.6275, 0.8875), (52.3125, 15.6275, 0.9125), (52.3125, 15.6525, 0.8875), (52.3125, 15.6525, 0.9125), (51.2875, 14.6275, 0.8875), (51.2875, 14.6275, 0.9125), (51.2875, 15.6525, 0.8875), (51.2875, 15.6525, 0.9125), (51.3125, 14.6275, 0.8875), (51.3125, 14.6275, 0.9125), (51.3125, 15.6525, 0.8875), (51.3125, 15.6525, 0.9125), (51.2875, 14.6275, 1.1875), (51.2875, 14.6275, 1.2125), (51.2875, 14.6525, 1.1875), (51.2875, 14.6525, 1.2125), (52.3125, 14.6275, 1.1875), (52.3125, 14.6275, 1.2125), (52.3125, 14.6525, 1.1875), (52.3125, 14.6525, 1.2125), (52.2875, 14.6275, 1.1875), (52.2875, 14.6275, 1.2125), (52.2875, 15.6525, 1.1875), (52.2875, 15.6525, 1.2125), (52.3125, 14.6275, 1.1875), (52.3125, 14.6275, 1.2125), (52.3125, 15.6525, 1.1875), (52.3125, 15.6525, 1.2125), (51.2875, 15.6275, 1.1875), (51.2875, 15.6275, 1.2125), (51.2875, 15.6525, 1.1875), (51.2875, 15.6525, 1.2125), (52.3125, 15.6275, 1.1875), (52.3125, 15.6275, 1.2125), (52.3125, 15.6525, 1.1875), (52.3125, 15.6525, 1.2125), (51.2875, 14.6275, 1.1875), (51.2875, 14.6275, 1.2125), (51.2875, 15.6525, 1.1875), (51.2875, 15.6525, 1.2125), (51.3125, 14.6275, 1.1875), (51.3125, 14.6275, 1.2125), (51.3125, 15.6525, 1.1875), (51.3125, 15.6525, 1.2125), (51.2875, 14.6275, 0.8875), (51.2875, 14.6275, 1.2125), (51.2875, 14.6525, 0.8875), (51.2875, 14.6525, 1.2125), (51.3125, 14.6275, 0.8875), (51.3125, 14.6275, 1.2125), (51.3125, 14.6525, 0.8875), (51.3125, 14.6525, 1.2125), (52.2875, 14.6275, 0.8875), (52.2875, 14.6275, 1.2125), (52.2875, 14.6525, 0.8875), (52.2875, 14.6525, 1.2125), (52.3125, 14.6275, 0.8875), (52.3125, 14.6275, 1.2125), (52.3125, 14.6525, 0.8875), (52.3125, 14.6525, 1.2125), (52.2875, 15.6275, 0.8875), (52.2875, 15.6275, 1.2125), (52.2875, 15.6525, 0.8875), (52.2875, 15.6525, 1.2125), (52.3125, 15.6275, 0.8875), (52.3125, 15.6275, 1.2125), (52.3125, 15.6525, 0.8875), (52.3125, 15.6525, 1.2125), (51.2875, 15.6275, 0.8875), (51.2875, 15.6275, 1.2125), (51.2875, 15.6525, 0.8875), (51.2875, 15.6525, 1.2125), (51.3125, 15.6275, 0.8875), (51.3125, 15.6275, 1.2125), (51.3125, 15.6525, 0.8875), (51.3125, 15.6525, 1.2125)] (
                                    aecoDerived = true
                                )
                                color3f[] primvars:displayColor = [(0.17, 0.44, 0.76)] (
                                    aecoDerived = true
                                )
                                uniform token subdivisionScheme = "none" (
                                    aecoDerived = true
                                )
                            }

                            def Mesh "employer_security" (
                                prepend apiSchemas = ["AecoDerivedGeometryAPI"]
                                customData = {
                                    bool aecoCompliancePresentation = 1
                                }
                            )
                            {
                                uniform token aeco:derived:approx = "bbox" (
                                    aecoDerived = true
                                )
                                uniform token aeco:derived:role = "symbol" (
                                    aecoDerived = true
                                )
                                string aeco:derived:source = "9fc66cb7-c597-548c-b8af-75575bf46649" (
                                    aecoDerived = true
                                )
                                string aeco:derived:stamp = "aeco-compliance illustrative height envelope" (
                                    aecoDerived = true
                                )
                                uniform bool doubleSided = 1 (
                                    aecoDerived = true
                                )
                                int[] faceVertexCounts = [4, 4, 4, 4, 4, 4, 4, 4, 4, 4, 4, 4, 4, 4, 4, 4, 4, 4, 4, 4, 4, 4, 4, 4, 4, 4, 4, 4, 4, 4, 4, 4, 4, 4, 4, 4, 4, 4, 4, 4, 4, 4, 4, 4, 4, 4, 4, 4, 4, 4, 4, 4, 4, 4, 4, 4, 4, 4, 4, 4, 4, 4, 4, 4, 4, 4, 4, 4, 4, 4, 4, 4] (
                                    aecoDerived = true
                                )
                                int[] faceVertexIndices = [0, 1, 3, 2, 4, 6, 7, 5, 0, 4, 5, 1, 2, 3, 7, 6, 0, 2, 6, 4, 1, 5, 7, 3, 8, 9, 11, 10, 12, 14, 15, 13, 8, 12, 13, 9, 10, 11, 15, 14, 8, 10, 14, 12, 9, 13, 15, 11, 16, 17, 19, 18, 20, 22, 23, 21, 16, 20, 21, 17, 18, 19, 23, 22, 16, 18, 22, 20, 17, 21, 23, 19, 24, 25, 27, 26, 28, 30, 31, 29, 24, 28, 29, 25, 26, 27, 31, 30, 24, 26, 30, 28, 25, 29, 31, 27, 32, 33, 35, 34, 36, 38, 39, 37, 32, 36, 37, 33, 34, 35, 39, 38, 32, 34, 38, 36, 33, 37, 39, 35, 40, 41, 43, 42, 44, 46, 47, 45, 40, 44, 45, 41, 42, 43, 47, 46, 40, 42, 46, 44, 41, 45, 47, 43, 48, 49, 51, 50, 52, 54, 55, 53, 48, 52, 53, 49, 50, 51, 55, 54, 48, 50, 54, 52, 49, 53, 55, 51, 56, 57, 59, 58, 60, 62, 63, 61, 56, 60, 61, 57, 58, 59, 63, 62, 56, 58, 62, 60, 57, 61, 63, 59, 64, 65, 67, 66, 68, 70, 71, 69, 64, 68, 69, 65, 66, 67, 71, 70, 64, 66, 70, 68, 65, 69, 71, 67, 72, 73, 75, 74, 76, 78, 79, 77, 72, 76, 77, 73, 74, 75, 79, 78, 72, 74, 78, 76, 73, 77, 79, 75, 80, 81, 83, 82, 84, 86, 87, 85, 80, 84, 85, 81, 82, 83, 87, 86, 80, 82, 86, 84, 81, 85, 87, 83, 88, 89, 91, 90, 92, 94, 95, 93, 88, 92, 93, 89, 90, 91, 95, 94, 88, 90, 94, 92, 89, 93, 95, 91] (
                                    aecoDerived = true
                                )
                                point3f[] points = [(51.4075, 14.7475, 1.0375), (51.4075, 14.7475, 1.0625), (51.4075, 14.7725, 1.0375), (51.4075, 14.7725, 1.0625), (52.1925, 14.7475, 1.0375), (52.1925, 14.7475, 1.0625), (52.1925, 14.7725, 1.0375), (52.1925, 14.7725, 1.0625), (52.1675, 14.7475, 1.0375), (52.1675, 14.7475, 1.0625), (52.1675, 15.5325, 1.0375), (52.1675, 15.5325, 1.0625), (52.1925, 14.7475, 1.0375), (52.1925, 14.7475, 1.0625), (52.1925, 15.5325, 1.0375), (52.1925, 15.5325, 1.0625), (51.4075, 15.5075, 1.0375), (51.4075, 15.5075, 1.0625), (51.4075, 15.5325, 1.0375), (51.4075, 15.5325, 1.0625), (52.1925, 15.5075, 1.0375), (52.1925, 15.5075, 1.0625), (52.1925, 15.5325, 1.0375), (52.1925, 15.5325, 1.0625), (51.4075, 14.7475, 1.0375), (51.4075, 14.7475, 1.0625), (51.4075, 15.5325, 1.0375), (51.4075, 15.5325, 1.0625), (51.4325, 14.7475, 1.0375), (51.4325, 14.7475, 1.0625), (51.4325, 15.5325, 1.0375), (51.4325, 15.5325, 1.0625), (51.4075, 14.7475, 1.1875), (51.4075, 14.7475, 1.2125), (51.4075, 14.7725, 1.1875), (51.4075, 14.7725, 1.2125), (52.1925, 14.7475, 1.1875), (52.1925, 14.7475, 1.2125), (52.1925, 14.7725, 1.1875), (52.1925, 14.7725, 1.2125), (52.1675, 14.7475, 1.1875), (52.1675, 14.7475, 1.2125), (52.1675, 15.5325, 1.1875), (52.1675, 15.5325, 1.2125), (52.1925, 14.7475, 1.1875), (52.1925, 14.7475, 1.2125), (52.1925, 15.5325, 1.1875), (52.1925, 15.5325, 1.2125), (51.4075, 15.5075, 1.1875), (51.4075, 15.5075, 1.2125), (51.4075, 15.5325, 1.1875), (51.4075, 15.5325, 1.2125), (52.1925, 15.5075, 1.1875), (52.1925, 15.5075, 1.2125), (52.1925, 15.5325, 1.1875), (52.1925, 15.5325, 1.2125), (51.4075, 14.7475, 1.1875), (51.4075, 14.7475, 1.2125), (51.4075, 15.5325, 1.1875), (51.4075, 15.5325, 1.2125), (51.4325, 14.7475, 1.1875), (51.4325, 14.7475, 1.2125), (51.4325, 15.5325, 1.1875), (51.4325, 15.5325, 1.2125), (51.4075, 14.7475, 1.0375), (51.4075, 14.7475, 1.2125), (51.4075, 14.7725, 1.0375), (51.4075, 14.7725, 1.2125), (51.4325, 14.7475, 1.0375), (51.4325, 14.7475, 1.2125), (51.4325, 14.7725, 1.0375), (51.4325, 14.7725, 1.2125), (52.1675, 14.7475, 1.0375), (52.1675, 14.7475, 1.2125), (52.1675, 14.7725, 1.0375), (52.1675, 14.7725, 1.2125), (52.1925, 14.7475, 1.0375), (52.1925, 14.7475, 1.2125), (52.1925, 14.7725, 1.0375), (52.1925, 14.7725, 1.2125), (52.1675, 15.5075, 1.0375), (52.1675, 15.5075, 1.2125), (52.1675, 15.5325, 1.0375), (52.1675, 15.5325, 1.2125), (52.1925, 15.5075, 1.0375), (52.1925, 15.5075, 1.2125), (52.1925, 15.5325, 1.0375), (52.1925, 15.5325, 1.2125), (51.4075, 15.5075, 1.0375), (51.4075, 15.5075, 1.2125), (51.4075, 15.5325, 1.0375), (51.4075, 15.5325, 1.2125), (51.4325, 15.5075, 1.0375), (51.4325, 15.5075, 1.2125), (51.4325, 15.5325, 1.0375), (51.4325, 15.5325, 1.2125)] (
                                    aecoDerived = true
                                )
                                color3f[] primvars:displayColor = [(0.08, 0.55, 0.34)] (
                                    aecoDerived = true
                                )
                                uniform token subdivisionScheme = "none" (
                                    aecoDerived = true
                                )
                            }

                            def Mesh "reader_datasheet" (
                                prepend apiSchemas = ["AecoDerivedGeometryAPI"]
                                customData = {
                                    bool aecoCompliancePresentation = 1
                                }
                            )
                            {
                                uniform token aeco:derived:approx = "bbox" (
                                    aecoDerived = true
                                )
                                uniform token aeco:derived:role = "symbol" (
                                    aecoDerived = true
                                )
                                string aeco:derived:source = "9fc66cb7-c597-548c-b8af-75575bf46649" (
                                    aecoDerived = true
                                )
                                string aeco:derived:stamp = "aeco-compliance illustrative height envelope" (
                                    aecoDerived = true
                                )
                                uniform bool doubleSided = 1 (
                                    aecoDerived = true
                                )
                                int[] faceVertexCounts = [4, 4, 4, 4, 4, 4, 4, 4, 4, 4, 4, 4, 4, 4, 4, 4, 4, 4, 4, 4, 4, 4, 4, 4, 4, 4, 4, 4, 4, 4, 4, 4, 4, 4, 4, 4, 4, 4, 4, 4, 4, 4, 4, 4, 4, 4, 4, 4, 4, 4, 4, 4, 4, 4, 4, 4, 4, 4, 4, 4, 4, 4, 4, 4, 4, 4, 4, 4, 4, 4, 4, 4] (
                                    aecoDerived = true
                                )
                                int[] faceVertexIndices = [0, 1, 3, 2, 4, 6, 7, 5, 0, 4, 5, 1, 2, 3, 7, 6, 0, 2, 6, 4, 1, 5, 7, 3, 8, 9, 11, 10, 12, 14, 15, 13, 8, 12, 13, 9, 10, 11, 15, 14, 8, 10, 14, 12, 9, 13, 15, 11, 16, 17, 19, 18, 20, 22, 23, 21, 16, 20, 21, 17, 18, 19, 23, 22, 16, 18, 22, 20, 17, 21, 23, 19, 24, 25, 27, 26, 28, 30, 31, 29, 24, 28, 29, 25, 26, 27, 31, 30, 24, 26, 30, 28, 25, 29, 31, 27, 32, 33, 35, 34, 36, 38, 39, 37, 32, 36, 37, 33, 34, 35, 39, 38, 32, 34, 38, 36, 33, 37, 39, 35, 40, 41, 43, 42, 44, 46, 47, 45, 40, 44, 45, 41, 42, 43, 47, 46, 40, 42, 46, 44, 41, 45, 47, 43, 48, 49, 51, 50, 52, 54, 55, 53, 48, 52, 53, 49, 50, 51, 55, 54, 48, 50, 54, 52, 49, 53, 55, 51, 56, 57, 59, 58, 60, 62, 63, 61, 56, 60, 61, 57, 58, 59, 63, 62, 56, 58, 62, 60, 57, 61, 63, 59, 64, 65, 67, 66, 68, 70, 71, 69, 64, 68, 69, 65, 66, 67, 71, 70, 64, 66, 70, 68, 65, 69, 71, 67, 72, 73, 75, 74, 76, 78, 79, 77, 72, 76, 77, 73, 74, 75, 79, 78, 72, 74, 78, 76, 73, 77, 79, 75, 80, 81, 83, 82, 84, 86, 87, 85, 80, 84, 85, 81, 82, 83, 87, 86, 80, 82, 86, 84, 81, 85, 87, 83, 88, 89, 91, 90, 92, 94, 95, 93, 88, 92, 93, 89, 90, 91, 95, 94, 88, 90, 94, 92, 89, 93, 95, 91] (
                                    aecoDerived = true
                                )
                                point3f[] points = [(51.5275, 14.8675, 0.9875), (51.5275, 14.8675, 1.0125), (51.5275, 14.8925, 0.9875), (51.5275, 14.8925, 1.0125), (52.0725, 14.8675, 0.9875), (52.0725, 14.8675, 1.0125), (52.0725, 14.8925, 0.9875), (52.0725, 14.8925, 1.0125), (52.0475, 14.8675, 0.9875), (52.0475, 14.8675, 1.0125), (52.0475, 15.4125, 0.9875), (52.0475, 15.4125, 1.0125), (52.0725, 14.8675, 0.9875), (52.0725, 14.8675, 1.0125), (52.0725, 15.4125, 0.9875), (52.0725, 15.4125, 1.0125), (51.5275, 15.3875, 0.9875), (51.5275, 15.3875, 1.0125), (51.5275, 15.4125, 0.9875), (51.5275, 15.4125, 1.0125), (52.0725, 15.3875, 0.9875), (52.0725, 15.3875, 1.0125), (52.0725, 15.4125, 0.9875), (52.0725, 15.4125, 1.0125), (51.5275, 14.8675, 0.9875), (51.5275, 14.8675, 1.0125), (51.5275, 15.4125, 0.9875), (51.5275, 15.4125, 1.0125), (51.5525, 14.8675, 0.9875), (51.5525, 14.8675, 1.0125), (51.5525, 15.4125, 0.9875), (51.5525, 15.4125, 1.0125), (51.5275, 14.8675, 1.6875), (51.5275, 14.8675, 1.7125), (51.5275, 14.8925, 1.6875), (51.5275, 14.8925, 1.7125), (52.0725, 14.8675, 1.6875), (52.0725, 14.8675, 1.7125), (52.0725, 14.8925, 1.6875), (52.0725, 14.8925, 1.7125), (52.0475, 14.8675, 1.6875), (52.0475, 14.8675, 1.7125), (52.0475, 15.4125, 1.6875), (52.0475, 15.4125, 1.7125), (52.0725, 14.8675, 1.6875), (52.0725, 14.8675, 1.7125), (52.0725, 15.4125, 1.6875), (52.0725, 15.4125, 1.7125), (51.5275, 15.3875, 1.6875), (51.5275, 15.3875, 1.7125), (51.5275, 15.4125, 1.6875), (51.5275, 15.4125, 1.7125), (52.0725, 15.3875, 1.6875), (52.0725, 15.3875, 1.7125), (52.0725, 15.4125, 1.6875), (52.0725, 15.4125, 1.7125), (51.5275, 14.8675, 1.6875), (51.5275, 14.8675, 1.7125), (51.5275, 15.4125, 1.6875), (51.5275, 15.4125, 1.7125), (51.5525, 14.8675, 1.6875), (51.5525, 14.8675, 1.7125), (51.5525, 15.4125, 1.6875), (51.5525, 15.4125, 1.7125), (51.5275, 14.8675, 0.9875), (51.5275, 14.8675, 1.7125), (51.5275, 14.8925, 0.9875), (51.5275, 14.8925, 1.7125), (51.5525, 14.8675, 0.9875), (51.5525, 14.8675, 1.7125), (51.5525, 14.8925, 0.9875), (51.5525, 14.8925, 1.7125), (52.0475, 14.8675, 0.9875), (52.0475, 14.8675, 1.7125), (52.0475, 14.8925, 0.9875), (52.0475, 14.8925, 1.7125), (52.0725, 14.8675, 0.9875), (52.0725, 14.8675, 1.7125), (52.0725, 14.8925, 0.9875), (52.0725, 14.8925, 1.7125), (52.0475, 15.3875, 0.9875), (52.0475, 15.3875, 1.7125), (52.0475, 15.4125, 0.9875), (52.0475, 15.4125, 1.7125), (52.0725, 15.3875, 0.9875), (52.0725, 15.3875, 1.7125), (52.0725, 15.4125, 0.9875), (52.0725, 15.4125, 1.7125), (51.5275, 15.3875, 0.9875), (51.5275, 15.3875, 1.7125), (51.5275, 15.4125, 0.9875), (51.5275, 15.4125, 1.7125), (51.5525, 15.3875, 0.9875), (51.5525, 15.3875, 1.7125), (51.5525, 15.4125, 0.9875), (51.5525, 15.4125, 1.7125)] (
                                    aecoDerived = true
                                )
                                color3f[] primvars:displayColor = [(0.84, 0.52, 0.1)] (
                                    aecoDerived = true
                                )
                                uniform token subdivisionScheme = "none" (
                                    aecoDerived = true
                                )
                            }

                            def Mesh "Status" (
                                prepend apiSchemas = ["AecoDerivedGeometryAPI"]
                                customData = {
                                    bool aecoCompliancePresentation = 1
                                }
                            )
                            {
                                uniform token aeco:derived:approx = "bbox" (
                                    aecoDerived = true
                                )
                                uniform token aeco:derived:role = "symbol" (
                                    aecoDerived = true
                                )
                                string aeco:derived:source = "9fc66cb7-c597-548c-b8af-75575bf46649" (
                                    aecoDerived = true
                                )
                                string aeco:derived:stamp = "aeco-compliance illustrative height envelope" (
                                    aecoDerived = true
                                )
                                uniform bool doubleSided = 1 (
                                    aecoDerived = true
                                )
                                int[] faceVertexCounts = [4, 4, 4, 4, 4, 4, 4, 4, 4, 4, 4, 4, 4, 4, 4, 4, 4, 4] (
                                    aecoDerived = true
                                )
                                int[] faceVertexIndices = [0, 1, 3, 2, 4, 6, 7, 5, 0, 4, 5, 1, 2, 3, 7, 6, 0, 2, 6, 4, 1, 5, 7, 3, 8, 9, 11, 10, 12, 14, 15, 13, 8, 12, 13, 9, 10, 11, 15, 14, 8, 10, 14, 12, 9, 13, 15, 11, 16, 17, 19, 18, 20, 22, 23, 21, 16, 20, 21, 17, 18, 19, 23, 22, 16, 18, 22, 20, 17, 21, 23, 19] (
                                    aecoDerived = true
                                )
                                point3f[] points = [(51.575, 15.095, 1.155), (51.575, 15.095, 1.245), (51.575, 15.185, 1.155), (51.575, 15.185, 1.245), (52.025, 15.095, 1.155), (52.025, 15.095, 1.245), (52.025, 15.185, 1.155), (52.025, 15.185, 1.245), (51.755, 14.915, 1.155), (51.755, 14.915, 1.245), (51.755, 15.365, 1.155), (51.755, 15.365, 1.245), (51.845, 14.915, 1.155), (51.845, 14.915, 1.245), (51.845, 15.365, 1.155), (51.845, 15.365, 1.245), (51.755, 15.095, 0.975), (51.755, 15.095, 1.425), (51.755, 15.185, 0.975), (51.755, 15.185, 1.425), (51.845, 15.095, 0.975), (51.845, 15.095, 1.425), (51.845, 15.185, 0.975), (51.845, 15.185, 1.425)] (
                                    aecoDerived = true
                                )
                                color3f[] primvars:displayColor = [(0.08, 0.55, 0.34)] (
                                    aecoDerived = true
                                )
                                uniform token subdivisionScheme = "none" (
                                    aecoDerived = true
                                )
                            }
                        }
                    }
                }

                def "Corridor_West"
                {
                    def "Iris_Scanner_door_hall_a_w"
                    {
                        over "Geom"
                        {
                            color3f[] primvars:displayColor = [(0.08, 0.55, 0.34)] (
                                aecoDerived = true
                            )
                        }

                        def Xform "ComplianceEnvelope" (
                            customData = {
                                bool aecoCompliancePresentation = 1
                            }
                        )
                        {
                            uniform token[] xformOpOrder = ["!resetXformStack!"]

                            def Mesh "accessibility" (
                                prepend apiSchemas = ["AecoDerivedGeometryAPI"]
                                customData = {
                                    bool aecoCompliancePresentation = 1
                                }
                            )
                            {
                                uniform token aeco:derived:approx = "bbox" (
                                    aecoDerived = true
                                )
                                uniform token aeco:derived:role = "symbol" (
                                    aecoDerived = true
                                )
                                string aeco:derived:source = "d4cd7132-d2e9-5cd9-9be2-461959bf46f5" (
                                    aecoDerived = true
                                )
                                string aeco:derived:stamp = "aeco-compliance illustrative height envelope" (
                                    aecoDerived = true
                                )
                                uniform bool doubleSided = 1 (
                                    aecoDerived = true
                                )
                                int[] faceVertexCounts = [4, 4, 4, 4, 4, 4, 4, 4, 4, 4, 4, 4, 4, 4, 4, 4, 4, 4, 4, 4, 4, 4, 4, 4, 4, 4, 4, 4, 4, 4, 4, 4, 4, 4, 4, 4, 4, 4, 4, 4, 4, 4, 4, 4, 4, 4, 4, 4, 4, 4, 4, 4, 4, 4, 4, 4, 4, 4, 4, 4, 4, 4, 4, 4, 4, 4, 4, 4, 4, 4, 4, 4] (
                                    aecoDerived = true
                                )
                                int[] faceVertexIndices = [0, 1, 3, 2, 4, 6, 7, 5, 0, 4, 5, 1, 2, 3, 7, 6, 0, 2, 6, 4, 1, 5, 7, 3, 8, 9, 11, 10, 12, 14, 15, 13, 8, 12, 13, 9, 10, 11, 15, 14, 8, 10, 14, 12, 9, 13, 15, 11, 16, 17, 19, 18, 20, 22, 23, 21, 16, 20, 21, 17, 18, 19, 23, 22, 16, 18, 22, 20, 17, 21, 23, 19, 24, 25, 27, 26, 28, 30, 31, 29, 24, 28, 29, 25, 26, 27, 31, 30, 24, 26, 30, 28, 25, 29, 31, 27, 32, 33, 35, 34, 36, 38, 39, 37, 32, 36, 37, 33, 34, 35, 39, 38, 32, 34, 38, 36, 33, 37, 39, 35, 40, 41, 43, 42, 44, 46, 47, 45, 40, 44, 45, 41, 42, 43, 47, 46, 40, 42, 46, 44, 41, 45, 47, 43, 48, 49, 51, 50, 52, 54, 55, 53, 48, 52, 53, 49, 50, 51, 55, 54, 48, 50, 54, 52, 49, 53, 55, 51, 56, 57, 59, 58, 60, 62, 63, 61, 56, 60, 61, 57, 58, 59, 63, 62, 56, 58, 62, 60, 57, 61, 63, 59, 64, 65, 67, 66, 68, 70, 71, 69, 64, 68, 69, 65, 66, 67, 71, 70, 64, 66, 70, 68, 65, 69, 71, 67, 72, 73, 75, 74, 76, 78, 79, 77, 72, 76, 77, 73, 74, 75, 79, 78, 72, 74, 78, 76, 73, 77, 79, 75, 80, 81, 83, 82, 84, 86, 87, 85, 80, 84, 85, 81, 82, 83, 87, 86, 80, 82, 86, 84, 81, 85, 87, 83, 88, 89, 91, 90, 92, 94, 95, 93, 88, 92, 93, 89, 90, 91, 95, 94, 88, 90, 94, 92, 89, 93, 95, 91] (
                                    aecoDerived = true
                                )
                                point3f[] points = [(3.3475, 27.7375, 0.8875), (3.3475, 27.7375, 0.9125), (3.3475, 27.7625, 0.8875), (3.3475, 27.7625, 0.9125), (4.3725, 27.7375, 0.8875), (4.3725, 27.7375, 0.9125), (4.3725, 27.7625, 0.8875), (4.3725, 27.7625, 0.9125), (4.3475, 27.7375, 0.8875), (4.3475, 27.7375, 0.9125), (4.3475, 28.7625, 0.8875), (4.3475, 28.7625, 0.9125), (4.3725, 27.7375, 0.8875), (4.3725, 27.7375, 0.9125), (4.3725, 28.7625, 0.8875), (4.3725, 28.7625, 0.9125), (3.3475, 28.7375, 0.8875), (3.3475, 28.7375, 0.9125), (3.3475, 28.7625, 0.8875), (3.3475, 28.7625, 0.9125), (4.3725, 28.7375, 0.8875), (4.3725, 28.7375, 0.9125), (4.3725, 28.7625, 0.8875), (4.3725, 28.7625, 0.9125), (3.3475, 27.7375, 0.8875), (3.3475, 27.7375, 0.9125), (3.3475, 28.7625, 0.8875), (3.3475, 28.7625, 0.9125), (3.3725, 27.7375, 0.8875), (3.3725, 27.7375, 0.9125), (3.3725, 28.7625, 0.8875), (3.3725, 28.7625, 0.9125), (3.3475, 27.7375, 1.1875), (3.3475, 27.7375, 1.2125), (3.3475, 27.7625, 1.1875), (3.3475, 27.7625, 1.2125), (4.3725, 27.7375, 1.1875), (4.3725, 27.7375, 1.2125), (4.3725, 27.7625, 1.1875), (4.3725, 27.7625, 1.2125), (4.3475, 27.7375, 1.1875), (4.3475, 27.7375, 1.2125), (4.3475, 28.7625, 1.1875), (4.3475, 28.7625, 1.2125), (4.3725, 27.7375, 1.1875), (4.3725, 27.7375, 1.2125), (4.3725, 28.7625, 1.1875), (4.3725, 28.7625, 1.2125), (3.3475, 28.7375, 1.1875), (3.3475, 28.7375, 1.2125), (3.3475, 28.7625, 1.1875), (3.3475, 28.7625, 1.2125), (4.3725, 28.7375, 1.1875), (4.3725, 28.7375, 1.2125), (4.3725, 28.7625, 1.1875), (4.3725, 28.7625, 1.2125), (3.3475, 27.7375, 1.1875), (3.3475, 27.7375, 1.2125), (3.3475, 28.7625, 1.1875), (3.3475, 28.7625, 1.2125), (3.3725, 27.7375, 1.1875), (3.3725, 27.7375, 1.2125), (3.3725, 28.7625, 1.1875), (3.3725, 28.7625, 1.2125), (3.3475, 27.7375, 0.8875), (3.3475, 27.7375, 1.2125), (3.3475, 27.7625, 0.8875), (3.3475, 27.7625, 1.2125), (3.3725, 27.7375, 0.8875), (3.3725, 27.7375, 1.2125), (3.3725, 27.7625, 0.8875), (3.3725, 27.7625, 1.2125), (4.3475, 27.7375, 0.8875), (4.3475, 27.7375, 1.2125), (4.3475, 27.7625, 0.8875), (4.3475, 27.7625, 1.2125), (4.3725, 27.7375, 0.8875), (4.3725, 27.7375, 1.2125), (4.3725, 27.7625, 0.8875), (4.3725, 27.7625, 1.2125), (4.3475, 28.7375, 0.8875), (4.3475, 28.7375, 1.2125), (4.3475, 28.7625, 0.8875), (4.3475, 28.7625, 1.2125), (4.3725, 28.7375, 0.8875), (4.3725, 28.7375, 1.2125), (4.3725, 28.7625, 0.8875), (4.3725, 28.7625, 1.2125), (3.3475, 28.7375, 0.8875), (3.3475, 28.7375, 1.2125), (3.3475, 28.7625, 0.8875), (3.3475, 28.7625, 1.2125), (3.3725, 28.7375, 0.8875), (3.3725, 28.7375, 1.2125), (3.3725, 28.7625, 0.8875), (3.3725, 28.7625, 1.2125)] (
                                    aecoDerived = true
                                )
                                color3f[] primvars:displayColor = [(0.17, 0.44, 0.76)] (
                                    aecoDerived = true
                                )
                                uniform token subdivisionScheme = "none" (
                                    aecoDerived = true
                                )
                            }

                            def Mesh "employer_security" (
                                prepend apiSchemas = ["AecoDerivedGeometryAPI"]
                                customData = {
                                    bool aecoCompliancePresentation = 1
                                }
                            )
                            {
                                uniform token aeco:derived:approx = "bbox" (
                                    aecoDerived = true
                                )
                                uniform token aeco:derived:role = "symbol" (
                                    aecoDerived = true
                                )
                                string aeco:derived:source = "d4cd7132-d2e9-5cd9-9be2-461959bf46f5" (
                                    aecoDerived = true
                                )
                                string aeco:derived:stamp = "aeco-compliance illustrative height envelope" (
                                    aecoDerived = true
                                )
                                uniform bool doubleSided = 1 (
                                    aecoDerived = true
                                )
                                int[] faceVertexCounts = [4, 4, 4, 4, 4, 4, 4, 4, 4, 4, 4, 4, 4, 4, 4, 4, 4, 4, 4, 4, 4, 4, 4, 4, 4, 4, 4, 4, 4, 4, 4, 4, 4, 4, 4, 4, 4, 4, 4, 4, 4, 4, 4, 4, 4, 4, 4, 4, 4, 4, 4, 4, 4, 4, 4, 4, 4, 4, 4, 4, 4, 4, 4, 4, 4, 4, 4, 4, 4, 4, 4, 4] (
                                    aecoDerived = true
                                )
                                int[] faceVertexIndices = [0, 1, 3, 2, 4, 6, 7, 5, 0, 4, 5, 1, 2, 3, 7, 6, 0, 2, 6, 4, 1, 5, 7, 3, 8, 9, 11, 10, 12, 14, 15, 13, 8, 12, 13, 9, 10, 11, 15, 14, 8, 10, 14, 12, 9, 13, 15, 11, 16, 17, 19, 18, 20, 22, 23, 21, 16, 20, 21, 17, 18, 19, 23, 22, 16, 18, 22, 20, 17, 21, 23, 19, 24, 25, 27, 26, 28, 30, 31, 29, 24, 28, 29, 25, 26, 27, 31, 30, 24, 26, 30, 28, 25, 29, 31, 27, 32, 33, 35, 34, 36, 38, 39, 37, 32, 36, 37, 33, 34, 35, 39, 38, 32, 34, 38, 36, 33, 37, 39, 35, 40, 41, 43, 42, 44, 46, 47, 45, 40, 44, 45, 41, 42, 43, 47, 46, 40, 42, 46, 44, 41, 45, 47, 43, 48, 49, 51, 50, 52, 54, 55, 53, 48, 52, 53, 49, 50, 51, 55, 54, 48, 50, 54, 52, 49, 53, 55, 51, 56, 57, 59, 58, 60, 62, 63, 61, 56, 60, 61, 57, 58, 59, 63, 62, 56, 58, 62, 60, 57, 61, 63, 59, 64, 65, 67, 66, 68, 70, 71, 69, 64, 68, 69, 65, 66, 67, 71, 70, 64, 66, 70, 68, 65, 69, 71, 67, 72, 73, 75, 74, 76, 78, 79, 77, 72, 76, 77, 73, 74, 75, 79, 78, 72, 74, 78, 76, 73, 77, 79, 75, 80, 81, 83, 82, 84, 86, 87, 85, 80, 84, 85, 81, 82, 83, 87, 86, 80, 82, 86, 84, 81, 85, 87, 83, 88, 89, 91, 90, 92, 94, 95, 93, 88, 92, 93, 89, 90, 91, 95, 94, 88, 90, 94, 92, 89, 93, 95, 91] (
                                    aecoDerived = true
                                )
                                point3f[] points = [(3.4675, 27.8575, 1.0375), (3.4675, 27.8575, 1.0625), (3.4675, 27.8825, 1.0375), (3.4675, 27.8825, 1.0625), (4.2525, 27.8575, 1.0375), (4.2525, 27.8575, 1.0625), (4.2525, 27.8825, 1.0375), (4.2525, 27.8825, 1.0625), (4.2275, 27.8575, 1.0375), (4.2275, 27.8575, 1.0625), (4.2275, 28.6425, 1.0375), (4.2275, 28.6425, 1.0625), (4.2525, 27.8575, 1.0375), (4.2525, 27.8575, 1.0625), (4.2525, 28.6425, 1.0375), (4.2525, 28.6425, 1.0625), (3.4675, 28.6175, 1.0375), (3.4675, 28.6175, 1.0625), (3.4675, 28.6425, 1.0375), (3.4675, 28.6425, 1.0625), (4.2525, 28.6175, 1.0375), (4.2525, 28.6175, 1.0625), (4.2525, 28.6425, 1.0375), (4.2525, 28.6425, 1.0625), (3.4675, 27.8575, 1.0375), (3.4675, 27.8575, 1.0625), (3.4675, 28.6425, 1.0375), (3.4675, 28.6425, 1.0625), (3.4925, 27.8575, 1.0375), (3.4925, 27.8575, 1.0625), (3.4925, 28.6425, 1.0375), (3.4925, 28.6425, 1.0625), (3.4675, 27.8575, 1.1875), (3.4675, 27.8575, 1.2125), (3.4675, 27.8825, 1.1875), (3.4675, 27.8825, 1.2125), (4.2525, 27.8575, 1.1875), (4.2525, 27.8575, 1.2125), (4.2525, 27.8825, 1.1875), (4.2525, 27.8825, 1.2125), (4.2275, 27.8575, 1.1875), (4.2275, 27.8575, 1.2125), (4.2275, 28.6425, 1.1875), (4.2275, 28.6425, 1.2125), (4.2525, 27.8575, 1.1875), (4.2525, 27.8575, 1.2125), (4.2525, 28.6425, 1.1875), (4.2525, 28.6425, 1.2125), (3.4675, 28.6175, 1.1875), (3.4675, 28.6175, 1.2125), (3.4675, 28.6425, 1.1875), (3.4675, 28.6425, 1.2125), (4.2525, 28.6175, 1.1875), (4.2525, 28.6175, 1.2125), (4.2525, 28.6425, 1.1875), (4.2525, 28.6425, 1.2125), (3.4675, 27.8575, 1.1875), (3.4675, 27.8575, 1.2125), (3.4675, 28.6425, 1.1875), (3.4675, 28.6425, 1.2125), (3.4925, 27.8575, 1.1875), (3.4925, 27.8575, 1.2125), (3.4925, 28.6425, 1.1875), (3.4925, 28.6425, 1.2125), (3.4675, 27.8575, 1.0375), (3.4675, 27.8575, 1.2125), (3.4675, 27.8825, 1.0375), (3.4675, 27.8825, 1.2125), (3.4925, 27.8575, 1.0375), (3.4925, 27.8575, 1.2125), (3.4925, 27.8825, 1.0375), (3.4925, 27.8825, 1.2125), (4.2275, 27.8575, 1.0375), (4.2275, 27.8575, 1.2125), (4.2275, 27.8825, 1.0375), (4.2275, 27.8825, 1.2125), (4.2525, 27.8575, 1.0375), (4.2525, 27.8575, 1.2125), (4.2525, 27.8825, 1.0375), (4.2525, 27.8825, 1.2125), (4.2275, 28.6175, 1.0375), (4.2275, 28.6175, 1.2125), (4.2275, 28.6425, 1.0375), (4.2275, 28.6425, 1.2125), (4.2525, 28.6175, 1.0375), (4.2525, 28.6175, 1.2125), (4.2525, 28.6425, 1.0375), (4.2525, 28.6425, 1.2125), (3.4675, 28.6175, 1.0375), (3.4675, 28.6175, 1.2125), (3.4675, 28.6425, 1.0375), (3.4675, 28.6425, 1.2125), (3.4925, 28.6175, 1.0375), (3.4925, 28.6175, 1.2125), (3.4925, 28.6425, 1.0375), (3.4925, 28.6425, 1.2125)] (
                                    aecoDerived = true
                                )
                                color3f[] primvars:displayColor = [(0.08, 0.55, 0.34)] (
                                    aecoDerived = true
                                )
                                uniform token subdivisionScheme = "none" (
                                    aecoDerived = true
                                )
                            }

                            def Mesh "reader_datasheet" (
                                prepend apiSchemas = ["AecoDerivedGeometryAPI"]
                                customData = {
                                    bool aecoCompliancePresentation = 1
                                }
                            )
                            {
                                uniform token aeco:derived:approx = "bbox" (
                                    aecoDerived = true
                                )
                                uniform token aeco:derived:role = "symbol" (
                                    aecoDerived = true
                                )
                                string aeco:derived:source = "d4cd7132-d2e9-5cd9-9be2-461959bf46f5" (
                                    aecoDerived = true
                                )
                                string aeco:derived:stamp = "aeco-compliance illustrative height envelope" (
                                    aecoDerived = true
                                )
                                uniform bool doubleSided = 1 (
                                    aecoDerived = true
                                )
                                int[] faceVertexCounts = [4, 4, 4, 4, 4, 4, 4, 4, 4, 4, 4, 4, 4, 4, 4, 4, 4, 4, 4, 4, 4, 4, 4, 4, 4, 4, 4, 4, 4, 4, 4, 4, 4, 4, 4, 4, 4, 4, 4, 4, 4, 4, 4, 4, 4, 4, 4, 4, 4, 4, 4, 4, 4, 4, 4, 4, 4, 4, 4, 4, 4, 4, 4, 4, 4, 4, 4, 4, 4, 4, 4, 4] (
                                    aecoDerived = true
                                )
                                int[] faceVertexIndices = [0, 1, 3, 2, 4, 6, 7, 5, 0, 4, 5, 1, 2, 3, 7, 6, 0, 2, 6, 4, 1, 5, 7, 3, 8, 9, 11, 10, 12, 14, 15, 13, 8, 12, 13, 9, 10, 11, 15, 14, 8, 10, 14, 12, 9, 13, 15, 11, 16, 17, 19, 18, 20, 22, 23, 21, 16, 20, 21, 17, 18, 19, 23, 22, 16, 18, 22, 20, 17, 21, 23, 19, 24, 25, 27, 26, 28, 30, 31, 29, 24, 28, 29, 25, 26, 27, 31, 30, 24, 26, 30, 28, 25, 29, 31, 27, 32, 33, 35, 34, 36, 38, 39, 37, 32, 36, 37, 33, 34, 35, 39, 38, 32, 34, 38, 36, 33, 37, 39, 35, 40, 41, 43, 42, 44, 46, 47, 45, 40, 44, 45, 41, 42, 43, 47, 46, 40, 42, 46, 44, 41, 45, 47, 43, 48, 49, 51, 50, 52, 54, 55, 53, 48, 52, 53, 49, 50, 51, 55, 54, 48, 50, 54, 52, 49, 53, 55, 51, 56, 57, 59, 58, 60, 62, 63, 61, 56, 60, 61, 57, 58, 59, 63, 62, 56, 58, 62, 60, 57, 61, 63, 59, 64, 65, 67, 66, 68, 70, 71, 69, 64, 68, 69, 65, 66, 67, 71, 70, 64, 66, 70, 68, 65, 69, 71, 67, 72, 73, 75, 74, 76, 78, 79, 77, 72, 76, 77, 73, 74, 75, 79, 78, 72, 74, 78, 76, 73, 77, 79, 75, 80, 81, 83, 82, 84, 86, 87, 85, 80, 84, 85, 81, 82, 83, 87, 86, 80, 82, 86, 84, 81, 85, 87, 83, 88, 89, 91, 90, 92, 94, 95, 93, 88, 92, 93, 89, 90, 91, 95, 94, 88, 90, 94, 92, 89, 93, 95, 91] (
                                    aecoDerived = true
                                )
                                point3f[] points = [(3.5875, 27.9775, 0.9875), (3.5875, 27.9775, 1.0125), (3.5875, 28.0025, 0.9875), (3.5875, 28.0025, 1.0125), (4.1325, 27.9775, 0.9875), (4.1325, 27.9775, 1.0125), (4.1325, 28.0025, 0.9875), (4.1325, 28.0025, 1.0125), (4.1075, 27.9775, 0.9875), (4.1075, 27.9775, 1.0125), (4.1075, 28.5225, 0.9875), (4.1075, 28.5225, 1.0125), (4.1325, 27.9775, 0.9875), (4.1325, 27.9775, 1.0125), (4.1325, 28.5225, 0.9875), (4.1325, 28.5225, 1.0125), (3.5875, 28.4975, 0.9875), (3.5875, 28.4975, 1.0125), (3.5875, 28.5225, 0.9875), (3.5875, 28.5225, 1.0125), (4.1325, 28.4975, 0.9875), (4.1325, 28.4975, 1.0125), (4.1325, 28.5225, 0.9875), (4.1325, 28.5225, 1.0125), (3.5875, 27.9775, 0.9875), (3.5875, 27.9775, 1.0125), (3.5875, 28.5225, 0.9875), (3.5875, 28.5225, 1.0125), (3.6125, 27.9775, 0.9875), (3.6125, 27.9775, 1.0125), (3.6125, 28.5225, 0.9875), (3.6125, 28.5225, 1.0125), (3.5875, 27.9775, 1.6875), (3.5875, 27.9775, 1.7125), (3.5875, 28.0025, 1.6875), (3.5875, 28.0025, 1.7125), (4.1325, 27.9775, 1.6875), (4.1325, 27.9775, 1.7125), (4.1325, 28.0025, 1.6875), (4.1325, 28.0025, 1.7125), (4.1075, 27.9775, 1.6875), (4.1075, 27.9775, 1.7125), (4.1075, 28.5225, 1.6875), (4.1075, 28.5225, 1.7125), (4.1325, 27.9775, 1.6875), (4.1325, 27.9775, 1.7125), (4.1325, 28.5225, 1.6875), (4.1325, 28.5225, 1.7125), (3.5875, 28.4975, 1.6875), (3.5875, 28.4975, 1.7125), (3.5875, 28.5225, 1.6875), (3.5875, 28.5225, 1.7125), (4.1325, 28.4975, 1.6875), (4.1325, 28.4975, 1.7125), (4.1325, 28.5225, 1.6875), (4.1325, 28.5225, 1.7125), (3.5875, 27.9775, 1.6875), (3.5875, 27.9775, 1.7125), (3.5875, 28.5225, 1.6875), (3.5875, 28.5225, 1.7125), (3.6125, 27.9775, 1.6875), (3.6125, 27.9775, 1.7125), (3.6125, 28.5225, 1.6875), (3.6125, 28.5225, 1.7125), (3.5875, 27.9775, 0.9875), (3.5875, 27.9775, 1.7125), (3.5875, 28.0025, 0.9875), (3.5875, 28.0025, 1.7125), (3.6125, 27.9775, 0.9875), (3.6125, 27.9775, 1.7125), (3.6125, 28.0025, 0.9875), (3.6125, 28.0025, 1.7125), (4.1075, 27.9775, 0.9875), (4.1075, 27.9775, 1.7125), (4.1075, 28.0025, 0.9875), (4.1075, 28.0025, 1.7125), (4.1325, 27.9775, 0.9875), (4.1325, 27.9775, 1.7125), (4.1325, 28.0025, 0.9875), (4.1325, 28.0025, 1.7125), (4.1075, 28.4975, 0.9875), (4.1075, 28.4975, 1.7125), (4.1075, 28.5225, 0.9875), (4.1075, 28.5225, 1.7125), (4.1325, 28.4975, 0.9875), (4.1325, 28.4975, 1.7125), (4.1325, 28.5225, 0.9875), (4.1325, 28.5225, 1.7125), (3.5875, 28.4975, 0.9875), (3.5875, 28.4975, 1.7125), (3.5875, 28.5225, 0.9875), (3.5875, 28.5225, 1.7125), (3.6125, 28.4975, 0.9875), (3.6125, 28.4975, 1.7125), (3.6125, 28.5225, 0.9875), (3.6125, 28.5225, 1.7125)] (
                                    aecoDerived = true
                                )
                                color3f[] primvars:displayColor = [(0.84, 0.52, 0.1)] (
                                    aecoDerived = true
                                )
                                uniform token subdivisionScheme = "none" (
                                    aecoDerived = true
                                )
                            }

                            def Mesh "Status" (
                                prepend apiSchemas = ["AecoDerivedGeometryAPI"]
                                customData = {
                                    bool aecoCompliancePresentation = 1
                                }
                            )
                            {
                                uniform token aeco:derived:approx = "bbox" (
                                    aecoDerived = true
                                )
                                uniform token aeco:derived:role = "symbol" (
                                    aecoDerived = true
                                )
                                string aeco:derived:source = "d4cd7132-d2e9-5cd9-9be2-461959bf46f5" (
                                    aecoDerived = true
                                )
                                string aeco:derived:stamp = "aeco-compliance illustrative height envelope" (
                                    aecoDerived = true
                                )
                                uniform bool doubleSided = 1 (
                                    aecoDerived = true
                                )
                                int[] faceVertexCounts = [4, 4, 4, 4, 4, 4, 4, 4, 4, 4, 4, 4, 4, 4, 4, 4, 4, 4] (
                                    aecoDerived = true
                                )
                                int[] faceVertexIndices = [0, 1, 3, 2, 4, 6, 7, 5, 0, 4, 5, 1, 2, 3, 7, 6, 0, 2, 6, 4, 1, 5, 7, 3, 8, 9, 11, 10, 12, 14, 15, 13, 8, 12, 13, 9, 10, 11, 15, 14, 8, 10, 14, 12, 9, 13, 15, 11, 16, 17, 19, 18, 20, 22, 23, 21, 16, 20, 21, 17, 18, 19, 23, 22, 16, 18, 22, 20, 17, 21, 23, 19] (
                                    aecoDerived = true
                                )
                                point3f[] points = [(3.635, 28.205, 1.155), (3.635, 28.205, 1.245), (3.635, 28.295, 1.155), (3.635, 28.295, 1.245), (4.085, 28.205, 1.155), (4.085, 28.205, 1.245), (4.085, 28.295, 1.155), (4.085, 28.295, 1.245), (3.815, 28.025, 1.155), (3.815, 28.025, 1.245), (3.815, 28.475, 1.155), (3.815, 28.475, 1.245), (3.905, 28.025, 1.155), (3.905, 28.025, 1.245), (3.905, 28.475, 1.155), (3.905, 28.475, 1.245), (3.815, 28.205, 0.975), (3.815, 28.205, 1.425), (3.815, 28.295, 0.975), (3.815, 28.295, 1.425), (3.905, 28.205, 0.975), (3.905, 28.205, 1.425), (3.905, 28.295, 0.975), (3.905, 28.295, 1.425)] (
                                    aecoDerived = true
                                )
                                color3f[] primvars:displayColor = [(0.08, 0.55, 0.34)] (
                                    aecoDerived = true
                                )
                                uniform token subdivisionScheme = "none" (
                                    aecoDerived = true
                                )
                            }
                        }
                    }
                }
            }
        }
    }
}

